Nome_Fundo,Tipo,Valor
0,LCI,35866606.85
0,Outras Cotas de FI,185812864.35
AB CAPITAL FUNDO DE INVESTIMENTO IMOBILIÁRIO,FII,375887086.04
AB CAPITAL FUNDO DE INVESTIMENTO IMOBILIÁRIO,FIP,125769258.27
AB CAPITAL FUNDO DE INVESTIMENTO IMOBILIÁRIO,Outras Cotas de FI,1395630.63
AB CAPITAL II FUNDO DE INVESTIMENTO IMOBILIÁRIO,FII,112031970.66
AB CAPITAL II FUNDO DE INVESTIMENTO IMOBILIÁRIO,FIP,37642194.08
AESAPAR FUNDO DE INVESTIMENTO IMOBILIÁRIO - FII,Outras Cotas de FI,7156706.32
AESAPAR FUNDO DE INVESTIMENTO IMOBILIÁRIO - FII,Outros Ativos Financeiros,160160446.68
AGRI8 - FUNDO DE INVESTIMENTO IMOBILIÁRIO,Outras Cotas de FI,1212067.33
ALIANZA TRUST RENDA IMOBILIARIA FII,Outras Cotas de FI,1527309.64
ALIANZA TRUST RENDA IMOBILIARIA FUNDO DE INVEST IMOBILIARIO,Outras Cotas de FI,1668325.62
AQ3 RENDA FUNDO DE INVESTIMENTO IMOBILIÁRIO,Ações de Sociedades,145493895.14
AQUILLA FUNDO DE INVESTIMENTO IMOBILIÁRIO,Ações de Sociedades,136734460.58
AQUILLA FUNDO DE INVESTIMENTO IMOBILIÁRIO,FII,533030071.61
ARENA FUNDO DE INVESTIMENTO IMOBILIÁRIO,Outras Cotas de FI,9301573.44
ARENA FUNDO DE INVESTIMENTO IMOBILIÁRIO,Outros Ativos Financeiros,1089259757.48
ATRIUM NACOES UNIDAS FUNDO DE INVESTIMENTO IMOBILIARIO - FII,Outras Cotas de FI,221148.14
BANESTES RECEBIVEIS IMOBILIARIOS FII,CRI,438179274.58
BANESTES RECEBIVEIS IMOBILIARIOS FII,LCI,24266683.66
BB PROGRESSIVO II FUNDO DE INVESTIMENTO IMOBILIÁRIO - FII,CRI,35481076.35
BB PROGRESSIVO II FUNDO DE INVESTIMENTO IMOBILIÁRIO - FII,LCI,333677021.22
BB RECEBIVEIS IMOBILIARIOS FUNDO DE INVESTIMENTO IMOB FII,CRI,337184866.53
BB RECEBIVEIS IMOBILIARIOS FUNDO DE INVESTIMENTO IMOB FII,FII,23216021.48
BB RENDA DE PAPÉIS IMOBILIÁRIOS FUNDO DE INVESTIMENTO IMOBIL,CRI,409228869.86
BB RENDA DE PAPÉIS IMOBILIÁRIOS FUNDO DE INVESTIMENTO IMOBIL,FII,5860301.29
BB RENDA DE PAPÉIS IMOBILIÁRIOS FUNDO DE INVESTIMENTO IMOBIL,LCI,2116156.15
BB RENDA DE PAPÉIS IMOBILIÁRIOS II,CRI,67427365.64
BB RENDA DE PAPÉIS IMOBILIÁRIOS II,LCI,8738390.37
BIRD FUNDO DE INVESTIMENTO IMOBILIÁRIO - FII,Outras Cotas de FI,7652238.18
BPG LOGÍSTICA I FUNDO DE INVESTIMENTO IMOBILIÁRIO,Outras Cotas de FI,9193086.52
BPGB-001 FUNDO DE INVESTIMENTO IMOBILIÁRIO,Outras Cotas de FI,36872047.82
BPGB-001 FUNDO DE INVESTIMENTO IMOBILIÁRIO,Outros Ativos Financeiros,56622071.75
BRADESCO CARTEIRA IMOBILIÁRIA ATIVA FII,CRI,20062543.13
BRADESCO CARTEIRA IMOBILIÁRIA ATIVA FII,FII,688262423.27
BRADESCO CARTEIRA IMOBILIÁRIA ATIVA FII,LCI,26038011.17
BRAZIL PROPERTIES FDO DE INVESTIMENTO IMOBILIÁRIO - FII,Outras Cotas de FI,931435.65
BRAZIL REAL ESTATE VICTORY FUND I - FII,Outras Cotas de FI,9629951.49
BRAZIL REALTY FUNDO DE INVESTIMENTO IMOBILIÁRIO,Ações de Sociedades,867226135.74
BRAZIL REALTY FUNDO DE INVESTIMENTO IMOBILIÁRIO,Cotas de Sociedades,70710460.98
BRAZIL REALTY FUNDO DE INVESTIMENTO IMOBILIÁRIO,FII,34419618.79
BRAZIL REALTY FUNDO DE INVESTIMENTO IMOBILIÁRIO,Outras Cotas de FI,55414.18
BRAZILIAN GRAVEYARD AND DEATH CARE SERVICES FUNDO DE INV,Ações de Sociedades,408782154.02
BRAZILIAN GRAVEYARD AND DEATH CARE SERVICES FUNDO DE INV,Outros Ativos Financeiros,37803640.28
BRESCO FUNDO DE INVESTIMENTO IMOBILIÁRIO - FII,Ações de Sociedades,2509745235.97
BRESCO FUNDO DE INVESTIMENTO IMOBILIÁRIO - FII,Cotas de Sociedades,456872200.93
BRESCO FUNDO DE INVESTIMENTO IMOBILIÁRIO - FII,Outras Cotas de FI,352507880.55
BRIO REAL ESTATE II,Ações de Sociedades,18899998.0
BRIO REAL ESTATE II,Outras Cotas de FI,151178996.96
BRL EDIFÍCIOS COMERCIAIS FUNDO DE INVESTIMENTO IMOBILIÁRIO,Outras Cotas de FI,12155.31
BRL V FUNDO DE INVESTIMENTO IMOBILIÁRIO - FII,Outras Cotas de FI,83151981.46
BRL VI FUNDO DE INVESTIMENTO IMOBILIÁRIO - FII,FII,849692.2
BRL VI FUNDO DE INVESTIMENTO IMOBILIÁRIO - FII,Outras Cotas de FI,2096294.33
BRPR 68  - FII DESENVOLVIMENTO II,Outras Cotas de FI,4497220.28
BRPR 68 FII DESENVOLVIMENTO,Outras Cotas de FI,4552251.49
BRPR 68 FUNDO DE INVEST IMOB - FII DESENVOLVIMENTO,Outras Cotas de FI,4442375.25
CAIXA FUNDO DE INVESTIMENTO IMOBILIARIO PORTO MARAVILHA,Ações de Sociedades,192540434.76
CAIXA FUNDO DE INVESTIMENTO IMOBILIARIO PORTO MARAVILHA,CEPAC,17733942367.77
CAIXA FUNDO DE INVESTIMENTO IMOBILIARIO PORTO MARAVILHA,FII,334286.08
CAIXA FUNDO DE INVESTIMENTO IMOBILIARIO PORTO MARAVILHA,Outras Cotas de FI,13766120.62
CAIXA RIO BRAVO FUNDO DE FII,FII,610487576.3
CAIXA RIO BRAVO FUNDO DE FII,LCI,18040511.76
CAPITANIA SECURITIES II FUNDO DE INVESTIMENTO IMOBILIARIO,CRI,369720387.66
CAPITANIA SECURITIES II FUNDO DE INVESTIMENTO IMOBILIARIO,FII,29503018.78
CAPITANIA SECURITIES II FUNDO DE INVESTIMENTO IMOBILIARIO,Outras Cotas de FI,15135939.32
CASPER FUNDO DE INVESTIMENTO IMOBILIÁRIO - FII,Cotas de Sociedades,19280119.72
CASPER FUNDO DE INVESTIMENTO IMOBILIÁRIO - FII,Outras Cotas de FI,269737.48
CATUAI FUNDO DE INVESTIMENTO IMOBILIARIO,Cotas de Sociedades,25223423.24
CIBRASEC CRÉDITO IMOBILIÁRIO - FII,CRI,32058980.06
CIDADE - FUNDO DE INVESTIMENTO IMOBILIÁRIO - FII,Outras Cotas de FI,1014438.03
CIDADE - FUNDO DE INVESTIMENTO IMOBILIÁRIO - FII,Outros Ativos Financeiros,112359.29
CIX CAPITAL OPORTUNIDADES FUNDO DE INVESTIMENTO IMOBILIARIO,Outras Cotas de FI,2765871.08
CIX OPORTUNIDADE FUNDO DE INVESTIMENTO IMOBILIARIO,Outras Cotas de FI,2611056.05
CLARITAS LOGÍSTICA I - FI IMOBILIÁRIO,Outros Ativos Financeiros,18931250.59
COLONIZADOR I FUNDO DE INVESTIMENTO IMOBILIÁRIO - FII,Ações de Sociedades,25400000.0
CSHG BRASIL SHOPPING FUNDO DE INVESTIMENTO IMOBILIÁRIO - FII,CRI,129670663.94
CSHG BRASIL SHOPPING FUNDO DE INVESTIMENTO IMOBILIÁRIO - FII,FII,998921847.26
CSHG BRASIL SHOPPING FUNDO DE INVESTIMENTO IMOBILIÁRIO - FII,LCI,20030442.12
CSHG LOGÍSTICA FUNDO DE INVESTIMENTO IMOBILIÁRIO - FII,Ações de Sociedades,127971128.54
CSHG LOGÍSTICA FUNDO DE INVESTIMENTO IMOBILIÁRIO - FII,CRI,25014015.64
CSHG LOGÍSTICA FUNDO DE INVESTIMENTO IMOBILIÁRIO - FII,FII,407084095.63
CSHG LOGÍSTICA FUNDO DE INVESTIMENTO IMOBILIÁRIO - FII,LCI,12144241.42
CSHG REAL ESTATE FUNDO DE INVESTIMENTO IMOBILIÁRIO - FII,Ações de Sociedades,12.0
CSHG REAL ESTATE FUNDO DE INVESTIMENTO IMOBILIÁRIO - FII,CRI,56301168.79
CSHG REAL ESTATE FUNDO DE INVESTIMENTO IMOBILIÁRIO - FII,FII,396953413.38
CSHG REAL ESTATE FUNDO DE INVESTIMENTO IMOBILIÁRIO - FII,LCI,42041980.18
CSHG RECEBIVEIS IMOBILIÁRIOS FUNDO DE INV IMOBILIÁRIO - FII,CRI,711481818.93
CSHG RECEBIVEIS IMOBILIÁRIOS FUNDO DE INV IMOBILIÁRIO - FII,FII,13619757.62
CSHG RECEBIVEIS IMOBILIÁRIOS FUNDO DE INV IMOBILIÁRIO - FII,LCI,29192895.28
CSHG RENDA URBANA FUNDO DE INVESTIMENTO IMOBILIARIO FII,Ações de Sociedades,121340815.55
CSHG RENDA URBANA FUNDO DE INVESTIMENTO IMOBILIARIO FII,CRI,24746426.05
CSHG RENDA URBANA FUNDO DE INVESTIMENTO IMOBILIARIO FII,FII,43609898.73
CSHG TOP FOFII 2 FUNDO DE INVESTIMENTO IMOBILIARIO - FII,FII,114194382.84
CSHG TOP FOFII FUNDO DE INVESTIMENTO IMOBILIARIO - FII,FII,129064382.15
DEL MONTE FUNDO DE INVESTIMENTO IMOBILIÁRIO - FII,Outros Ativos Financeiros,1250601.14
DOVEL FUNDO DE INVESTIMENTO IMOBILIÁRIO,Outras Cotas de FI,4058445.1
EVEN PERMUTA KINEA FII FUNDO DE INVESTIMENTO IMOBILIÁRIO,Cotas de Sociedades,198.0
EXITUS DE INVESTIMENTO IMOBILIARIO - FII,Outros Ativos Financeiros,1707802.45
EXITUS FUNDO DE INVESTIMENTO IMOBILIARIO - FII,Outras Cotas de FI,1691315.02
FATOR IFIX FUNDO DE INVESTIMENTO IMOBILIARIO,Ações de Sociedades,4673697.46
FATOR IFIX FUNDO DE INVESTIMENTO IMOBILIARIO,CRI,3126593.94
FATOR IFIX FUNDO DE INVESTIMENTO IMOBILIARIO,FII,118164759.59
FATOR VERITA FII,CRI,917445100.71
FATOR VERITA FII,FII,8553865.8
FGRP FUNDO DE INVESTIMENTO IMOBILIÁRIO,Ações de Sociedades,732000000.0
FII  BTG PACTUAL CREDITO IMOBILIARIO,CRI,51053632.71
FII  BTG PACTUAL CREDITO IMOBILIARIO,Outras Cotas de FI,17665235.08
FII -  BM BRASCAN LAJES CORPORATIVAS,Outras Cotas de FI,1447021.84
FII -  BM BRASCAN LAJES CORPORATIVAS,Outros Ativos Financeiros,192300.83
FII - FUNDO DE INVESTIMENTO IMOBILIÁRIO NESTPAR,Ações de Sociedades,882000.0
FII - FUNDO DE INVESTIMENTO IMOBILIÁRIO NESTPAR,CRI,26333024.93
FII - FUNDO DE INVESTIMENTO IMOBILIÁRIO NESTPAR,FII,6204699.48
FII - FUNDO DE INVESTIMENTO IMOBILIÁRIO NESTPAR,Outras Cotas de FI,72550.72
FII - FUNDO DE INVESTIMENTO IMOBILIÁRIO NESTPAR,Outros Ativos Financeiros,3383916.03
FII ALIANZA TRUST RENDA IMOBILIARIA,Outras Cotas de FI,3303436.4
FII AMETISTA,Outras Cotas de FI,48024.33
FII ANCAR IC,Outras Cotas de FI,82640811.48
FII ANHANGUERA EDUCACIONAL,Outras Cotas de FI,2835607.79
FII ANHANGUERA EDUCACIONCIONAL,Outras Cotas de FI,1465395.58
FII BARIGUI RENDIMENTOS IMOBILIÁRIOS I FII,CRI,30039717.4
FII BM BRASCAN LAJES CORPORATIVAS,Outras Cotas de FI,3086163.29
FII BM BRASCAN LAJES CORPORATIVAS,Outros Ativos Financeiros,446281.23
FII BRASIL PLURAL ABSOLUTO FUNDOS DE FUNDOS,CRI,21495405.37
FII BRASIL PLURAL ABSOLUTO FUNDOS DE FUNDOS,FII,514069570.96
FII BRASIL PLURAL ABSOLUTO FUNDOS DE FUNDOS,Outros Ativos Financeiros,31653712.76
FII BRISA RENDA IMOBILIARIA,Ações de Sociedades,661290302.73
FII BRISA RENDA IMOBILIARIA,Outras Cotas de FI,48171226.8
FII BRISA RENDA IMOBILIARIA,Outros Ativos Financeiros,27481330.0
FII BTG PACTUAL CORPORATE OFFICE FUND,CRI,524196933.15
FII BTG PACTUAL CORPORATE OFFICE FUND,FII,4445989778.32
FII BTG PACTUAL CORPORATE OFFICE FUND,LCI,402258076.47
FII BTG PACTUAL CORPORATE OFFICE FUND,Outras Cotas de FI,39388704.5
FII BTG PACTUAL CORPORATE OFFICE FUND,Outros Ativos Financeiros,3989236.59
FII BTG PACTUAL CREDITO IMOBILIARIO,CRI,113357768.65
FII BTG PACTUAL CREDITO IMOBILIARIO,Outras Cotas de FI,84216378.23
FII BTG PACTUAL FUNDO DE CRI,CRI,494079669.5
FII BTG PACTUAL FUNDO DE CRI,LCI,10650658.5
FII BTG PACTUAL FUNDO DE CRI,Outras Cotas de FI,66561863.4
FII BTG PACTUAL FUNDO DE CRI,Outros Ativos Financeiros,5511.24
FII BTG PACTUAL FUNDO DE FUNDOS,CRI,82540062.3
FII BTG PACTUAL FUNDO DE FUNDOS,FII,1835836939.76
FII BTG PACTUAL FUNDO DE FUNDOS,LCI,40497053.9
FII BTG PACTUAL FUNDO DE FUNDOS,Outras Cotas de FI,83045986.6
FII CAIXA DESENVOLVIMENTO IMOBILIARIO,Ações,1071000234.0
FII CAIXA DESENVOLVIMENTO IMOBILIARIO,Outros Ativos Financeiros,26463549.46
FII CEO CYRELA COMMERCIAL PROPERTIES,Outras Cotas de FI,5919210.14
FII COMERCIAL PROGRESSIVO II,Outras Cotas de FI,2577941.74
FII CYRELA THERA CORPORATE,Outras Cotas de FI,2765361.77
FII DERRY UNIVERSAL,Ações de Sociedades,2688782.0
FII DERRY UNIVERSAL,Cotas de Sociedades,2688782.0
FII EDIFICIO ALMIRANTE BARROSO,Outras Cotas de FI,10294880.92
FII EDIFICIO GALERIA,Outras Cotas de FI,2873812.97
FII ESTOQUE RESIDENCIAL VITACON,Outras Cotas de FI,2405515.56
FII EXCLUSIVO INFRA PATRIMONIAL II,FII,295251588.6
FII EXCLUSIVO INFRA PATRIMONIAL II,Outras Cotas de FI,453016.31
FII FLORIPA SHOPPING,Outras Cotas de FI,4910263.36
FII GOLDEN,Outras Cotas de FI,3513594.25
FII HOSPITAL DA CRIANCA,Outras Cotas de FI,270548.94
FII HOSPITAL NOSSA SENHORA DE LOURDES,Outras Cotas de FI,8096178.25
FII ICON REALTY,Outras Cotas de FI,6663292.99
FII IRIDIUM RECEBIVEIS IMOBILIARIO,CRI,101350891.52
FII IRIDIUM RECEBIVEIS IMOBILIARIO,FII,19059089.72
FII IRIDIUM RECEBIVEIS IMOBILIARIO,LCI,5000000.0
FII IRIDIUM RECEBIVEIS IMOBILIARIO,Outras Cotas de FI,77202712.64
FII IRIDIUM RECEBIVEIS IMOBILIARIOS,CRI,169500818.66
FII IRIDIUM RECEBIVEIS IMOBILIARIOS,FII,35026343.01
FII IRIDIUM RECEBIVEIS IMOBILIARIOS,LCI,10000000.0
FII IRIDIUM RECEBIVEIS IMOBILIARIOS,Outras Cotas de FI,23637819.93
FII MAX RETAIL,Outras Cotas de FI,3171525.06
FII MIKEONE,Outras Cotas de FI,8604006.53
FII MOGNO FUNDO DE FUNDOS,FII,98197651.06
FII MOGNO FUNDO DE FUNDOS,LCI,2003626.94
FII MOGNO FUNDO DE FUNDOS,Outras Cotas de FI,6196326.48
FII NCH BRASIL RECEBIVEIS IMOBILIARIOS,CRI,49980817.74
FII NCH BRASIL RECEBIVEIS IMOBILIARIOS,Outras Cotas de FI,490461.39
FII NOSSA SENHORA DE LOURDES,Outras Cotas de FI,8013385.0
FII PARQUE DOM PEDRO SHOPPING,FII,349885548.04
FII PARQUE DOM PEDRO SHOPPING,Outras Cotas de FI,9637784.07
FII PARQUE DOM PEDRO SHOPPING CENTER,FII,644586160.8
FII PARQUE DOM PEDRO SHOPPING CENTER,Outras Cotas de FI,38143961.24
FII PATEO BANDEIRANTES,Outras Cotas de FI,9646480.3
FII PLUS,Outras Cotas de FI,2594083.22
FII RBR PRIVATE CREDITO IMOBILIARIO,CRI,46076894.02
FII RBR PRIVATE CREDITO IMOBILIARIO,Outras Cotas de FI,13237141.56
FII RBR RENDIMENTO HIGH GRADE,CRI,268608863.17
FII RBR RENDIMENTO HIGH GRADE,FII,11791222.54
FII RBR RENDIMENTO HIGH GRADE,LCI,2006639.95
FII RBR RENDIMENTO HIGH GRADE,Outras Cotas de FI,122191430.9
FII RENDA CORPORATIVA ANGICO - FII,Outras Cotas de FI,95897430.97
FII SABIA,Ações de Sociedades,47759114.23
FII SABIA,Outras Cotas de FI,832975.89
FII SHOPPING PARQUE D. PEDRO,Outras Cotas de FI,15733809.66
FII SHOPPING PARQUE DOM PEDRO,Outras Cotas de FI,45740018.59
FII TORRE NORTE,Outras Cotas de FI,1534406.29
FII TORRE NORTE,Outros Ativos Financeiros,637795.08
FII TRX EDIFÍCIOS CORPORATIVOS,Outras Cotas de FI,25962247.1
FII UBS (BR) RECEBÍVEIS IMOBILIÁRIOS,CRI,213093164.04
FII UBS (BR) RECEBÍVEIS IMOBILIÁRIOS,Outras Cotas de FI,6447531.0
FII VALORA,CRI,35627691.1
FII VALORA,Outras Cotas de FI,3970720.19
FII VBI FL 4440,Outras Cotas de FI,2899604.86
FII VBI FL 4440,Outros Ativos Financeiros,17820.87
FII VOTORANTIM SECURITIES MASTER,CRI,27609170.66
FII VOTORANTIM SECURITIES MASTER,LCI,8738390.37
FII XP MALLS,Ações de Sociedades,67912030.28
FII XP MALLS,FII,3842749.34
FII XP MALLS,Outras Cotas de FI,58909786.93
FIRENZE FUNDO DE INVESTIMENTO IMOBILIÁRIO,Ações de Sociedades,151451878.02
FIRENZE FUNDO DE INVESTIMENTO IMOBILIÁRIO,FII,91165969.75
FL SHOPPINGS - FUNDO DE INVESTIMENTO IMOBILIÁRIO,FII,109829774.35
FL SHOPPINGS - FUNDO DE INVESTIMENTO IMOBILIÁRIO,FIP,1915262.22
FL SHOPPINGS - FUNDO DE INVESTIMENTO IMOBILIÁRIO,Outras Cotas de FI,0.02
FLORIPA SHOPPING FUNDO DE INVESTIMENTO IMOBILIARIO - FII,Outras Cotas de FI,4678855.41
FRAM CAPITAL IV FUNDO DE INVESTIMENTO IMOBILIÁRIO,Cotas de Sociedades,860000.0
FRAM CAPITAL IV FUNDO DE INVESTIMENTO IMOBILIÁRIO,Outras Cotas de FI,172869.67
FRAM CAPITAL V FUNDO DE INVESTIMENTO IMOBILIÁRIO,Outras Cotas de FI,1777055.9
FRAM CAPITAL VI FUNDO DE INVESTIMENTO IMOBILIÁRIO,Outras Cotas de FI,5362475.94
FUNDO BRASÍLIO MACHADO DE INVESTIMENTO IMOBILIÁRIO,FIDC,1686009.0
FUNDO BRASÍLIO MACHADO DE INVESTIMENTO IMOBILIÁRIO,Outras Cotas de FI,532360.21
FUNDO DE FUNDOS DE INVESTIMENTO IMOBILIÁRIO KINEA FII,FII,66732090.88
FUNDO DE FUNDOS DE INVESTIMENTO IMOBILIÁRIO KINEA FII,LCI,14539842.35
FUNDO DE INV. IMOBILIÁRIO GWI RENDA IMOBILIÁRIA - FII,Outras Cotas de FI,534824.21
FUNDO DE INV. IMOBILIÁRIO GWI RENDA IMOBILIÁRIA - FII,Outros Ativos Financeiros,935542.49
FUNDO DE INV. IMOBILIÁRIO RIO BRAVO RENDA CORPORATIVA,LCI,34912646.75
FUNDO DE INV. IMOBILIÁRIO RIO BRAVO RENDA CORPORATIVA,Outras Cotas de FI,301281829.5
FUNDO DE INVEST IMOB - OURINVEST CYRELA,Ações,0.0
FUNDO DE INVEST IMOB - OURINVEST CYRELA,Ações de Sociedades,0.0
FUNDO DE INVEST IMOB - OURINVEST CYRELA,CEPAC,0.0
FUNDO DE INVEST IMOB - OURINVEST CYRELA,CRI,50829718.12
FUNDO DE INVEST IMOB - OURINVEST CYRELA,Cotas de Sociedades,0.0
FUNDO DE INVEST IMOB - OURINVEST CYRELA,FIA,0.0
FUNDO DE INVEST IMOB - OURINVEST CYRELA,FIDC,0.0
FUNDO DE INVEST IMOB - OURINVEST CYRELA,FII,19985038.14
FUNDO DE INVEST IMOB - OURINVEST CYRELA,FIP,0.0
FUNDO DE INVEST IMOB - OURINVEST CYRELA,LCI,18962487.55
FUNDO DE INVEST IMOB - OURINVEST CYRELA,LIG,0.0
FUNDO DE INVEST IMOB - OURINVEST CYRELA,Outras Cotas de FI,0.0
FUNDO DE INVEST IMOB - OURINVEST CYRELA,Outros Ativos Financeiros,20111627.5
FUNDO DE INVEST IMOB - OURINVEST RE I,Ações,0.0
FUNDO DE INVEST IMOB - OURINVEST RE I,Ações de Sociedades,0.0
FUNDO DE INVEST IMOB - OURINVEST RE I,CEPAC,0.0
FUNDO DE INVEST IMOB - OURINVEST RE I,CRI,0.0
FUNDO DE INVEST IMOB - OURINVEST RE I,Cotas de Sociedades,0.0
FUNDO DE INVEST IMOB - OURINVEST RE I,FIA,0.0
FUNDO DE INVEST IMOB - OURINVEST RE I,FIDC,0.0
FUNDO DE INVEST IMOB - OURINVEST RE I,FII,0.0
FUNDO DE INVEST IMOB - OURINVEST RE I,FIP,0.0
FUNDO DE INVEST IMOB - OURINVEST RE I,LCI,0.0
FUNDO DE INVEST IMOB - OURINVEST RE I,LIG,0.0
FUNDO DE INVEST IMOB - OURINVEST RE I,Outras Cotas de FI,0.0
FUNDO DE INVEST IMOB - OURINVEST RE I,Outros Ativos Financeiros,0.0
FUNDO DE INVEST IMOB -FII UBS (BR) RECEBÍVEIS IMOBILIÁRIOS,Ações,0.0
FUNDO DE INVEST IMOB -FII UBS (BR) RECEBÍVEIS IMOBILIÁRIOS,Ações de Sociedades,0.0
FUNDO DE INVEST IMOB -FII UBS (BR) RECEBÍVEIS IMOBILIÁRIOS,CEPAC,0.0
FUNDO DE INVEST IMOB -FII UBS (BR) RECEBÍVEIS IMOBILIÁRIOS,CRI,92952653.97
FUNDO DE INVEST IMOB -FII UBS (BR) RECEBÍVEIS IMOBILIÁRIOS,Cotas de Sociedades,0.0
FUNDO DE INVEST IMOB -FII UBS (BR) RECEBÍVEIS IMOBILIÁRIOS,FIA,0.0
FUNDO DE INVEST IMOB -FII UBS (BR) RECEBÍVEIS IMOBILIÁRIOS,FIDC,0.0
FUNDO DE INVEST IMOB -FII UBS (BR) RECEBÍVEIS IMOBILIÁRIOS,FII,0.0
FUNDO DE INVEST IMOB -FII UBS (BR) RECEBÍVEIS IMOBILIÁRIOS,FIP,0.0
FUNDO DE INVEST IMOB -FII UBS (BR) RECEBÍVEIS IMOBILIÁRIOS,LCI,0.0
FUNDO DE INVEST IMOB -FII UBS (BR) RECEBÍVEIS IMOBILIÁRIOS,LIG,0.0
FUNDO DE INVEST IMOB -FII UBS (BR) RECEBÍVEIS IMOBILIÁRIOS,Outras Cotas de FI,0.0
FUNDO DE INVEST IMOB -FII UBS (BR) RECEBÍVEIS IMOBILIÁRIOS,Outros Ativos Financeiros,0.0
FUNDO DE INVEST IMOBILIARIO - FII ANHANGUERA EDUCACIONCIONAL,Outras Cotas de FI,1376919.09
FUNDO DE INVEST IMOBILIÁRIO - FII CEO CYRELA COMMERCIAL,Outras Cotas de FI,1764169.08
FUNDO DE INVEST. IMOBILIARIO - FII COMERCIAL PROGRESSIVO II,Outras Cotas de FI,3060790.5
FUNDO DE INVEST. IMOBILIÁRIO CONTINENTAL SQUARE FARIA LIMA,Outras Cotas de FI,6836595.4
FUNDO DE INVEST. IMOBILIÁRIO CONTINENTAL SQUARE FARIA LIMA,Outros Ativos Financeiros,10976903.29
FUNDO DE INVEST. IMOBILIÁRIO HOSPITAL UNIMED CAPIXABA,Outras Cotas de FI,160637410.02
FUNDO DE INVEST. IMOBILIÁRIO PEDRA NEGRA RENDA IMOBILIÁRIA,Ações de Sociedades,66000101.44
FUNDO DE INVEST. IMOBILIÁRIO PEDRA NEGRA RENDA IMOBILIÁRIA,Outras Cotas de FI,5353841.89
FUNDO DE INVEST. IMOBILIÁRIO PEDRA NEGRA RENDA IMOBILIÁRIA,Outros Ativos Financeiros,1349959.05
FUNDO DE INVESTIMENTO IMOBILIARIO  FII RBR DESENVOLVIMENTO,Outras Cotas de FI,267139.41
FUNDO DE INVESTIMENTO IMOBILIARIO - FII CAMPUS FARIA LIMA,Outras Cotas de FI,12314637.72
FUNDO DE INVESTIMENTO IMOBILIARIO - FII CENESP,Outras Cotas de FI,19107725.55
FUNDO DE INVESTIMENTO IMOBILIARIO - FII EDIFICIO CASTELO,Outras Cotas de FI,2389495.66
FUNDO DE INVESTIMENTO IMOBILIARIO - FII EDIFICIO GALERIA,Outras Cotas de FI,5319787.88
FUNDO DE INVESTIMENTO IMOBILIARIO - FII EDIFICIO GALERIA,Outros Ativos Financeiros,3503.41
FUNDO DE INVESTIMENTO IMOBILIARIO - FII HOSPITAL DA CRIANCA,Outras Cotas de FI,185575.91
FUNDO DE INVESTIMENTO IMOBILIARIO - FII HOTEL MAXINVEST,Outras Cotas de FI,18169267.3
FUNDO DE INVESTIMENTO IMOBILIARIO - FII MAX RETAIL,Outras Cotas de FI,3241906.03
FUNDO DE INVESTIMENTO IMOBILIARIO - FII MEILI,Outras Cotas de FI,308572.0
FUNDO DE INVESTIMENTO IMOBILIARIO - FII NOVO HORIZONTE,Outras Cotas de FI,17945817.48
FUNDO DE INVESTIMENTO IMOBILIARIO - FII PATEO BANDEIRANTES,Outras Cotas de FI,9682973.41
FUNDO DE INVESTIMENTO IMOBILIARIO - FII RBR REND HIGH GRADE,CRI,95949683.55
FUNDO DE INVESTIMENTO IMOBILIARIO - FII RBR REND HIGH GRADE,FII,13255374.0
FUNDO DE INVESTIMENTO IMOBILIARIO - FII RBR REND HIGH GRADE,LCI,5022911.91
FUNDO DE INVESTIMENTO IMOBILIARIO - FII RBR REND HIGH GRADE,Outras Cotas de FI,18593983.94
FUNDO DE INVESTIMENTO IMOBILIARIO - FII RODOBENS,Outras Cotas de FI,375764.79
FUNDO DE INVESTIMENTO IMOBILIARIO - FII TB OFFICE,Outras Cotas de FI,13312751.52
FUNDO DE INVESTIMENTO IMOBILIARIO - FII TB OFFICE,Outros Ativos Financeiros,944525.98
FUNDO DE INVESTIMENTO IMOBILIARIO - FII TORRE ALMIRANTE,Outros Ativos Financeiros,1875469.86
FUNDO DE INVESTIMENTO IMOBILIARIO - FII TORRE NORTE,Outras Cotas de FI,4652516.67
FUNDO DE INVESTIMENTO IMOBILIARIO - FII TORRE NORTE,Outros Ativos Financeiros,1882288.7
FUNDO DE INVESTIMENTO IMOBILIARIO - VBI LOGISTICO,Outras Cotas de FI,7526174.87
FUNDO DE INVESTIMENTO IMOBILIARIO 4KIDS,Ações de Sociedades,287302070.92
FUNDO DE INVESTIMENTO IMOBILIARIO 4KIDS,Outras Cotas de FI,402122.65
FUNDO DE INVESTIMENTO IMOBILIARIO AMETISTA - FII,Outras Cotas de FI,63158.99
FUNDO DE INVESTIMENTO IMOBILIARIO BM BRASCAN LAJES CORPORATI,Outras Cotas de FI,1493233.97
FUNDO DE INVESTIMENTO IMOBILIARIO BM BRASCAN LAJES CORPORATI,Outros Ativos Financeiros,250386.23
FUNDO DE INVESTIMENTO IMOBILIARIO CENESP,Outras Cotas de FI,56426596.94
FUNDO DE INVESTIMENTO IMOBILIARIO CENESP,Outros Ativos Financeiros,346.24
FUNDO DE INVESTIMENTO IMOBILIARIO EUROPAR,Outras Cotas de FI,1157750.02
FUNDO DE INVESTIMENTO IMOBILIARIO FII GOLDEN,Outras Cotas de FI,115394027.3
FUNDO DE INVESTIMENTO IMOBILIARIO FII PRIME PORTFOLIO,FII,823177572.62
FUNDO DE INVESTIMENTO IMOBILIARIO FII PRIME PORTFOLIO,LCI,31103836.6
FUNDO DE INVESTIMENTO IMOBILIARIO FII PRIME PORTFOLIO,Outras Cotas de FI,49638376.06
FUNDO DE INVESTIMENTO IMOBILIARIO FII SHOPPING WEST PLAZA,Outras Cotas de FI,1322669.72
FUNDO DE INVESTIMENTO IMOBILIARIO HARMONIA,Outras Cotas de FI,62475.84
FUNDO DE INVESTIMENTO IMOBILIARIO JHSF CATARINA CORPORATE BE,Outros Ativos Financeiros,2215983.2
FUNDO DE INVESTIMENTO IMOBILIARIO JK D - FII,Ações de Sociedades,71414562.57
FUNDO DE INVESTIMENTO IMOBILIARIO JK D - FII,Outras Cotas de FI,627949.54
FUNDO DE INVESTIMENTO IMOBILIARIO JK D - FII,Outros Ativos Financeiros,3032216.02
FUNDO DE INVESTIMENTO IMOBILIARIO JK E - FII,Ações de Sociedades,135020811.36
FUNDO DE INVESTIMENTO IMOBILIARIO JK E - FII,Outras Cotas de FI,491819.98
FUNDO DE INVESTIMENTO IMOBILIARIO JK E - FII,Outros Ativos Financeiros,658739.44
FUNDO DE INVESTIMENTO IMOBILIARIO MILLENIUM FII,Outros Ativos Financeiros,2498772.59
FUNDO DE INVESTIMENTO IMOBILIARIO MOGNO FUNDO DE FUNDOS,FII,201293277.05
FUNDO DE INVESTIMENTO IMOBILIARIO MOGNO FUNDO DE FUNDOS,LCI,22301954.92
FUNDO DE INVESTIMENTO IMOBILIARIO MOGNO FUNDO DE FUNDOS,Outras Cotas de FI,135238841.71
FUNDO DE INVESTIMENTO IMOBILIARIO PENINSULA,Ações,0.0
FUNDO DE INVESTIMENTO IMOBILIARIO PENINSULA,Ações de Sociedades,0.0
FUNDO DE INVESTIMENTO IMOBILIARIO PENINSULA,CEPAC,0.0
FUNDO DE INVESTIMENTO IMOBILIARIO PENINSULA,CRI,0.0
FUNDO DE INVESTIMENTO IMOBILIARIO PENINSULA,Cotas de Sociedades,0.0
FUNDO DE INVESTIMENTO IMOBILIARIO PENINSULA,FIA,0.0
FUNDO DE INVESTIMENTO IMOBILIARIO PENINSULA,FIDC,0.0
FUNDO DE INVESTIMENTO IMOBILIARIO PENINSULA,FII,0.0
FUNDO DE INVESTIMENTO IMOBILIARIO PENINSULA,FIP,0.0
FUNDO DE INVESTIMENTO IMOBILIARIO PENINSULA,LCI,0.0
FUNDO DE INVESTIMENTO IMOBILIARIO PENINSULA,LIG,0.0
FUNDO DE INVESTIMENTO IMOBILIARIO PENINSULA,Outras Cotas de FI,0.0
FUNDO DE INVESTIMENTO IMOBILIARIO PENINSULA,Outros Ativos Financeiros,0.0
FUNDO DE INVESTIMENTO IMOBILIARIO PLUS,Outras Cotas de FI,4419544.36
FUNDO DE INVESTIMENTO IMOBILIARIO PROPERTY INVEST,Outras Cotas de FI,2033374.28
FUNDO DE INVESTIMENTO IMOBILIARIO RBR ALPHA FUNDO DE FUNDOS,CRI,52733047.85
FUNDO DE INVESTIMENTO IMOBILIARIO RBR ALPHA FUNDO DE FUNDOS,FII,324044018.65
FUNDO DE INVESTIMENTO IMOBILIARIO RBR ALPHA FUNDO DE FUNDOS,Outras Cotas de FI,26411534.62
FUNDO DE INVESTIMENTO IMOBILIARIO RBR PROPERTIES - FII,FII,2875340.74
FUNDO DE INVESTIMENTO IMOBILIARIO RBR PROPERTIES - FII,Outros Ativos Financeiros,6797497.61
FUNDO DE INVESTIMENTO IMOBILIARIO RIO NEGRO,Outras Cotas de FI,12283896.89
FUNDO DE INVESTIMENTO IMOBILIARIO RM LEBLON CORPORATE,Outras Cotas de FI,14099475.63
FUNDO DE INVESTIMENTO IMOBILIARIO SF - FII,Outras Cotas de FI,9008.71
FUNDO DE INVESTIMENTO IMOBILIARIO SF - FII,Outros Ativos Financeiros,825151.07
FUNDO DE INVESTIMENTO IMOBILIARIO SHOPPING JARDIM SUL,Outras Cotas de FI,2916661.04
FUNDO DE INVESTIMENTO IMOBILIARIO TM - FII,Outras Cotas de FI,1804956.5
FUNDO DE INVESTIMENTO IMOBILIARIO TM - FII,Outros Ativos Financeiros,1555013.68
FUNDO DE INVESTIMENTO IMOBILIARIO VBI FL 4440-FII,Outras Cotas de FI,9471509.14
FUNDO DE INVESTIMENTO IMOBILIARIO VBI FL 4440-FII,Outros Ativos Financeiros,38183.79
FUNDO DE INVESTIMENTO IMOBILIÁRIO - FII ELDORADO,Outras Cotas de FI,637472.14
FUNDO DE INVESTIMENTO IMOBILIÁRIO - FII SIA CORPORATE,Outras Cotas de FI,12236960.7
FUNDO DE INVESTIMENTO IMOBILIÁRIO - FII TOP CENTER,Outras Cotas de FI,28465.01
FUNDO DE INVESTIMENTO IMOBILIÁRIO - FII VITACON,Cotas de Sociedades,4000000.0
FUNDO DE INVESTIMENTO IMOBILIÁRIO AGÊNCIAS CAIXA,FII,23532000.0
FUNDO DE INVESTIMENTO IMOBILIÁRIO AGÊNCIAS CAIXA,LCI,193042869.72
FUNDO DE INVESTIMENTO IMOBILIÁRIO AGÊNCIAS CAIXA,Outras Cotas de FI,126290850.06
FUNDO DE INVESTIMENTO IMOBILIÁRIO BRASIL LAND,Ações,124488000.0
FUNDO DE INVESTIMENTO IMOBILIÁRIO BRASIL VAREJO FII,Outras Cotas de FI,27997897.37
FUNDO DE INVESTIMENTO IMOBILIÁRIO CAIXA CONVIDA SUAPE,Ações de Sociedades,379467878.64
FUNDO DE INVESTIMENTO IMOBILIÁRIO CAIXA CONVIDA SUAPE,Outros Ativos Financeiros,114651492.56
FUNDO DE INVESTIMENTO IMOBILIÁRIO CAIXA INCORPORAÇÃO,CRI,285080444.77
FUNDO DE INVESTIMENTO IMOBILIÁRIO CAIXA INCORPORAÇÃO,Cotas de Sociedades,1276559688.76
FUNDO DE INVESTIMENTO IMOBILIÁRIO CAIXA INCORPORAÇÃO,LCI,420884255.72
FUNDO DE INVESTIMENTO IMOBILIÁRIO CAIXA INCORPORAÇÃO,Outros Ativos Financeiros,64248693.5
FUNDO DE INVESTIMENTO IMOBILIÁRIO CDURP,Ações de Sociedades,15000.0
FUNDO DE INVESTIMENTO IMOBILIÁRIO CDURP,Outras Cotas de FI,73568.11
FUNDO DE INVESTIMENTO IMOBILIÁRIO CENTRO TÊXTIL INTERN.,Outras Cotas de FI,4214982.26
FUNDO DE INVESTIMENTO IMOBILIÁRIO COLATERAL,Outras Cotas de FI,784353221.61
FUNDO DE INVESTIMENTO IMOBILIÁRIO FCM,Outras Cotas de FI,856728318.72
FUNDO DE INVESTIMENTO IMOBILIÁRIO FL 3.500 I - FII,Outras Cotas de FI,73630273.48
FUNDO DE INVESTIMENTO IMOBILIÁRIO GEO GUARARAPES,Outros Ativos Financeiros,5447515.93
FUNDO DE INVESTIMENTO IMOBILIÁRIO GRAND PLAZA SHOPPING,Outras Cotas de FI,32066695.94
FUNDO DE INVESTIMENTO IMOBILIÁRIO GREEN TOWERS,Ações de Sociedades,256938446.17
FUNDO DE INVESTIMENTO IMOBILIÁRIO GV BLUE CHIP,Ações,124488000.0
FUNDO DE INVESTIMENTO IMOBILIÁRIO HERMES,Outras Cotas de FI,879474.05
FUNDO DE INVESTIMENTO IMOBILIÁRIO INDUSTRIAL DO BRASIL,Outras Cotas de FI,3526138.85
FUNDO DE INVESTIMENTO IMOBILIÁRIO INFRA REAL ESTATE - FII,Ações de Sociedades,370004604.0
FUNDO DE INVESTIMENTO IMOBILIÁRIO INFRA REAL ESTATE - FII,Outras Cotas de FI,61841154.1
FUNDO DE INVESTIMENTO IMOBILIÁRIO JHSF CATARINA CORPORATE,Outros Ativos Financeiros,4923968.98
FUNDO DE INVESTIMENTO IMOBILIÁRIO LECREC,Ações de Sociedades,619259852.32
FUNDO DE INVESTIMENTO IMOBILIÁRIO MEMORIAL OFFICE,Outras Cotas de FI,403878.13
FUNDO DE INVESTIMENTO IMOBILIÁRIO MERCANTIL DO BRASIL,Outras Cotas de FI,13735723.1
FUNDO DE INVESTIMENTO IMOBILIÁRIO MIRANTE DAS AGUAS,Ações de Sociedades,63666271.33
FUNDO DE INVESTIMENTO IMOBILIÁRIO MISTRAL,Outras Cotas de FI,6236124.89
FUNDO DE INVESTIMENTO IMOBILIÁRIO PATRIMONIAL IV,CRI,26777060.57
FUNDO DE INVESTIMENTO IMOBILIÁRIO PHORBIS,Cotas de Sociedades,233009835.52
FUNDO DE INVESTIMENTO IMOBILIÁRIO PHORBIS,FIA,121865970.7
FUNDO DE INVESTIMENTO IMOBILIÁRIO PHORBIS,FII,32939652.44
FUNDO DE INVESTIMENTO IMOBILIÁRIO PHORBIS,Outras Cotas de FI,61465386.01
FUNDO DE INVESTIMENTO IMOBILIÁRIO PHORBIS,Outros Ativos Financeiros,32353491.89
FUNDO DE INVESTIMENTO IMOBILIÁRIO PROJETO ÁGUA BRANCA,Outras Cotas de FI,1579316.61
FUNDO DE INVESTIMENTO IMOBILIÁRIO PÁTEO MOINHOS DE VENTO,Outras Cotas de FI,2809609.46
FUNDO DE INVESTIMENTO IMOBILIÁRIO PÁTEO MOINHOS DE VENTO,Outros Ativos Financeiros,10452717.94
FUNDO DE INVESTIMENTO IMOBILIÁRIO RAILWAY MALL I - FII,Outros Ativos Financeiros,892444.45
FUNDO DE INVESTIMENTO IMOBILIÁRIO RB LOGÍSTICA,Outras Cotas de FI,634153651.43
FUNDO DE INVESTIMENTO IMOBILIÁRIO SC 401,Outras Cotas de FI,1974697.5
FUNDO DE INVESTIMENTO IMOBILIÁRIO SHARE STUDENT,Cotas de Sociedades,20610585.52
FUNDO DE INVESTIMENTO IMOBILIÁRIO SHARE STUDENT,Outras Cotas de FI,151725.7
FUNDO DE INVESTIMENTO IMOBILIÁRIO SHARE STUDENT LIVING,Cotas de Sociedades,21860585.52
FUNDO DE INVESTIMENTO IMOBILIÁRIO SHARE STUDENT LIVING,Outras Cotas de FI,55149.09
FUNDO DE INVESTIMENTO IMOBILIÁRIO SHOP. PÁTIO HIGIENÓPOLIS,Outras Cotas de FI,45598408.75
FUNDO DE INVESTIMENTO IMOBILIÁRIO SOFI,Outras Cotas de FI,221665270.96
FUNDO DE INVESTIMENTO IMOBILIÁRIO SÃO FERNANDO,Outras Cotas de FI,4377052.47
FUNDO DE INVESTIMENTO IMOBILIÁRIO TG ATIVO REAL,CRI,1183340.26
FUNDO DE INVESTIMENTO IMOBILIÁRIO TG ATIVO REAL,Cotas de Sociedades,368229411.6
FUNDO DE INVESTIMENTO IMOBILIÁRIO TG ATIVO REAL,Outras Cotas de FI,8598.19
FUNDO DE INVESTIMENTO IMOBILIÁRIO THE ONE,Outras Cotas de FI,5042017.43
FUNDO DE INVESTIMENTO IMOBILIÁRIO TORDESILHAS,Outras Cotas de FI,140733.19
FUNDO DE INVESTIMENTO IMOBILIÁRIO VEREDA,FII,8932985.54
FUNDO DE INVESTIMENTO IMOBILIÁRIO VIA PARQUE SHOPPING,Outras Cotas de FI,34701762.69
FUNDO DE INVESTIMENTO IMOBILIÁRIO VOTORANTIM LCI BANKS,LCI,311971597.31
FUNDO DE INVESTIMENTO IMOBILIÁRIO VOTORANTIM QUATRO BARRAS,LCI,120604163.6
FUNDO DE INVESTIMENTO IMOBILIÁRIO VOTORANTIM SECURITIES,CRI,511522788.55
FUNDO DE INVESTIMENTO IMOBILIÁRIO VOTORANTIM SECURITIES,FII,134171382.22
FUNDO DE INVESTIMENTO IMOBILIÁRIO VOTORANTIM SECURITIES,FIP,1749673.86
FUNDO DE INVESTIMENTO IMOBILIÁRIO VOTORANTIM SECURITIES,LCI,59221903.74
FUNDO DE INVESTIMENTO IMOBILIÁRIO VOTORANTIM SECURITIES,Outras Cotas de FI,4850056.75
FUNDO DE INVESTIMENTO IMOBILIÁRIO VOTORANTIM SECURITIES II,CRI,2376345430.87
FUNDO DE INVESTIMENTO IMOBILIÁRIO VOTORANTIM SECURITIES II,FII,1452160887.31
FUNDO DE INVESTIMENTO IMOBILIÁRIO VOTORANTIM SECURITIES II,FIP,8720355.86
FUNDO DE INVESTIMENTO IMOBILIÁRIO VOTORANTIM SECURITIES II,LCI,115470232.79
FUNDO DE INVESTIMENTO IMOBILIÁRIO VOTORANTIM SECURITIES II,Outras Cotas de FI,93262713.97
FUNDO DE INVESTIMENTO IMOBILIÁRIO VOTORANTIM SECURITIES III,CRI,638839415.32
FUNDO DE INVESTIMENTO IMOBILIÁRIO VOTORANTIM SECURITIES III,FII,116011440.31
FUNDO DE INVESTIMENTO IMOBILIÁRIO VOTORANTIM SECURITIES III,FIP,710886.78
FUNDO DE INVESTIMENTO IMOBILIÁRIO VOTORANTIM SECURITIES III,LCI,50678428.46
FUNDO DE INVESTIMENTO IMOBILIÁRIO VOTORANTIM SECURITIES III,Outras Cotas de FI,2007187.69
FUNDO DE INVESTIMENTO IMOBILIÁRIO VOTORANTIM SECURITIES IV,CRI,3880521978.11
FUNDO DE INVESTIMENTO IMOBILIÁRIO VOTORANTIM SECURITIES IV,FII,869292996.06
FUNDO DE INVESTIMENTO IMOBILIÁRIO VOTORANTIM SECURITIES IV,FIP,73016442.59
FUNDO DE INVESTIMENTO IMOBILIÁRIO VOTORANTIM SECURITIES IV,LCI,349147906.96
FUNDO DE INVESTIMENTO IMOBILIÁRIO VOTORANTIM SECURITIES IV,Outras Cotas de FI,61816563.78
FUNDO DE INVESTIMENTO NORTHWEST FII EM SAÚDE,Cotas de Sociedades,67948679.11
FUNDO DE INVESTIMENTO NORTHWEST FII EM SAÚDE,Outras Cotas de FI,54547921.3
FUNDO DE INVESTIMENTOS IMOBILIARIOS - HABITAT I,CRI,388195193.22
FUNDO FORTALEZA DE INVESTIMENTO IMOBILIÁRIO,FII,6471300.0
FUNDO FORTALEZA DE INVESTIMENTO IMOBILIÁRIO,Outras Cotas de FI,21683903.99
G5 JOMAFIL - FUNDO DE INVESTIMENTO IMOBILIARIO - FII,Ações de Sociedades,1258264.28
G5 JOMAFIL - FUNDO DE INVESTIMENTO IMOBILIARIO - FII,Cotas de Sociedades,41774284.0
G5 JOMAFIL - FUNDO DE INVESTIMENTO IMOBILIARIO - FII,Outras Cotas de FI,161292360.87
GENERAL SHOPPING ATIVO E RENDA - FII,Outros Ativos Financeiros,3759579.47
GGR COVEPI RENDA FUNDO DE INVESTIMENTO IMOBILIARIO,Outros Ativos Financeiros,200490099.37
GOLDEN WEST - VX - FUNDO DE INVESTIMENTO IMOBILIÁRIO,Cotas de Sociedades,39885152.56
GOLDX FUNDO DE INVESTIMENTO IMOBILIÁRIO - FII,FII,237498378.32
GOODMAN PATRIMONIAL I FUNDO DE INVESTIMENTO IMOBILIÁRIO,Outras Cotas de FI,978731.08
GOODMAN PATRIMONIAL II FUNDO DE INVESTIMENTO IMOBILIÁRIO,Outras Cotas de FI,5882124.92
GREEN ROCK FUNDO DE INVESTIMENTO IMOBILIÁRIO,Outras Cotas de FI,6519587.56
HAZ FUNDO DE INVESTIMENTO IMOBILIÁRIO,FIDC,3018633.55
HAZ FUNDO DE INVESTIMENTO IMOBILIÁRIO,Outras Cotas de FI,4956088.31
HECTARE CE - FUNDO DE INVESTIMENTO IMOBILIÁRIO,CRI,9637647.67
HEDGE BRASIL SHOPPING FUNDO DE INVESTIMENTO IMOBILIÁRIO,CRI,42416659.45
HEDGE BRASIL SHOPPING FUNDO DE INVESTIMENTO IMOBILIÁRIO,FII,339185558.27
HEDGE REALTY DEVELOPMENT FUNDO DE INVESTIMENTO IMOBILIÁRIO,Cotas de Sociedades,272475300.75
HEDGE REALTY DEVELOPMENT FUNDO DE INVESTIMENTO IMOBILIÁRIO,Outras Cotas de FI,10694747.28
HEDGE TOP FOFII 2 FUNDO DE INVESTIMENTO IMOBILIARIO,FII,110011730.86
HEDGE TOP FOFII 2 FUNDO DE INVESTIMENTO IMOBILIÁRIO,FII,102115656.9
HEDGE TOP FOFII 2 FUNDO DE INVESTIMENTO IMOBILIÁRIO - FII,FII,102880139.94
HEDGE TOP FOFII 3 FUNDO DE INVESTIMENTO IMOBILIÁRIO,FII,829160408.19
HEDGE TOP FOFII 3 FUNDO DE INVESTIMENTO IMOBILIÁRIO,Outras Cotas de FI,11764198.4
HEDGE TOP FOFII FDO DE INVESTIMENTO IMOBILIARIO - FII,FII,115337634.36
HEDGE TOP FOFII FUNDO DE INVESTIMENTO IMOBILIARIO,FII,119167566.81
HEDGE TOP FOFII FUNDO DE INVESTIMENTO IMOBILIÁRIO,FII,112774370.91
INHAÚMA FUNDO DE INVESTIMENTO IMOBILIÁRIO - FII,Outras Cotas de FI,1282.67
IPS PB - FUNDO DE INVESTIMENTO IMOBILIÁRIO - FII,Outras Cotas de FI,13460521.74
ITACOATIARA FUNDO DE INVESTIMENTO IMOBILIÁRIO,Ações de Sociedades,236075640.68
IZAR - FUNDO DE INVESTIMENTO IMOBILIÁRIO - FII,Cotas de Sociedades,450070470.61
IZAR - FUNDO DE INVESTIMENTO IMOBILIÁRIO - FII,Outras Cotas de FI,156786.87
JFDCAM - FUNDO DE INVESTIMENTO IMOBILIÁRIO - FII,Outras Cotas de FI,262562.62
JFDCAM - FUNDO DE INVESTIMENTO IMOBILIÁRIO FII,Outras Cotas de FI,1434546.65
JHSF RIO BRAVO FAZENDA BOA VISTA CAPITAL PROTEGIDO FII,Outros Ativos Financeiros,501217524.0
JPP ALLOCATION MOGNO - FUNDO DE INVESTIMENTO IMOBILIÁRIO,CRI,6607708.28
JPP CAPITAL FUNDO DE INVESTIMENTO IMOBILIÁRIO - FII,LCI,18902982.96
JPP FII,Ações de Sociedades,117597958.15
JPP FII,CRI,1659096.97
JPP FII,Cotas de Sociedades,48640420.44
JPP FII,FII,50066041.28
JS REAL ESTATE MULTIGESTÃO FUNDO DE INVESTIMENTO IMOBILIÁRIO,Ações de Sociedades,14353575.28
JS REAL ESTATE MULTIGESTÃO FUNDO DE INVESTIMENTO IMOBILIÁRIO,CRI,467227747.08
JS REAL ESTATE MULTIGESTÃO FUNDO DE INVESTIMENTO IMOBILIÁRIO,FII,598325622.05
JS REAL ESTATE MULTIGESTÃO FUNDO DE INVESTIMENTO IMOBILIÁRIO,LCI,383598180.89
JS REAL ESTATE MULTIGESTÃO FUNDO DE INVESTIMENTO IMOBILIÁRIO,Outros Ativos Financeiros,709485133.4
JT PREV FUNDO DE INVESTIMENTO IMOBILIÁRIO D. HAB,Ações de Sociedades,90929183.92
JT PREV FUNDO DE INVESTIMENTO IMOBILIÁRIO D. HAB,Outras Cotas de FI,7451340.93
JVF FUNDO DE INVESTIMENTO IMOBILIÁRIO - FII,Outras Cotas de FI,2008.0
KINEA HIGH YIELD CRI FUNDO DE INVESTIMENTO IMOBILIÁRIO FII,CRI,419005059.42
KINEA II REAL ESTATE EQUITY FUNDO DE INVESTIMENTO IMOB,CRI,151846239.94
KINEA II REAL ESTATE EQUITY FUNDO DE INVESTIMENTO IMOB,Cotas de Sociedades,314554387.29
KINEA II REAL ESTATE EQUITY FUNDO DE INVESTIMENTO IMOB,LCI,53059235.58
KINEA INDICES DE PREÇOS FII,CRI,4747276969.37
KINEA INDICES DE PREÇOS FII,LCI,68633673.11
KINEA RENDA IMOBILIARIA FII,Ações de Sociedades,323206.26
KINEA RENDA IMOBILIARIA FII,LCI,695646044.87
KINEA RENDIMENTOS IMOBILIÁRIOS FII,CRI,10526366470.12
KINEA RENDIMENTOS IMOBILIÁRIOS FII,LCI,475674949.22
LA SHOPPING CENTERS FII,Cotas de Sociedades,678779997.84
LA SHOPPING CENTERS FUNDO DE INVESTIMENTO IMOBILIARIO,Cotas de Sociedades,484000000.21
LA SHOPPING CENTERS II FUNDO DE INVESTIMENTO IMOBILIÁRIO,Ações de Sociedades,120032004.0
LAJES CORPORATIVAS FUNDO DE INVESTIMENTO IMOBILIÁRIO - FII,Ações de Sociedades,41999998.42
LAJES CORPORATIVAS FUNDO DE INVESTIMENTO IMOBILIÁRIO - FII,Cotas de Sociedades,83999994.84
LAJES CORPORATIVAS FUNDO DE INVESTIMENTO IMOBILIÁRIO - FII,Outras Cotas de FI,94106.53
LOGINVEST FUNDO DE INVESTIMENTO IMOBILIÁRIO INDUSTRIAL,Outras Cotas de FI,4394080.0
MAC FUNDO DE INVESTIMENTO IMOBILIARIO,Ações,289215999.92
MALLS BRASIL PLURAL FUNDO DE INVESTIMENTO IMOBILIÁRIO,Outras Cotas de FI,264111.74
MALLS BRASIL PLURAL FUNDO DE INVESTIMENTO IMOBILIÁRIO,Outros Ativos Financeiros,16757282.7
MAXI RENDA FUNDO DE INVESTIMENTO IMOBILIÁRIO - FII,CRI,829450555.45
MAXI RENDA FUNDO DE INVESTIMENTO IMOBILIÁRIO - FII,Cotas de Sociedades,205897416.9
MAXI RENDA FUNDO DE INVESTIMENTO IMOBILIÁRIO - FII,FII,80726779.53
MIKEONE FUNDO DE INVESTIMENTO IMOBILIARIO,Outras Cotas de FI,8834281.15
MULTI PROPERTIES FII,CRI,188100000.0
MULTI SHOPPINGS FUNDO DE INVESTIMENTO IMOBILIÁRIO - FII,CRI,443112320.0
MULTIGESTÃO RENDA COMERCIAL FUNDO DE INV. IMOBILIÁRIO,FII,2048726.96
MULTIGESTÃO RENDA COMERCIAL FUNDO DE INV. IMOBILIÁRIO,LCI,20301675.05
MULTIGESTÃO RENDA COMERCIAL FUNDO DE INV. IMOBILIÁRIO,Outras Cotas de FI,24709069.99
MÉRITO DESENVOLVIMENTO IMOBILIÁRIO I FII,Cotas de Sociedades,560280677.81
NF CAPITAL FUNDO DE INVESTIMENTO IMOBILIÁRIO,FII,110645566.38
NF CAPITAL FUNDO DE INVESTIMENTO IMOBILIÁRIO,FIP,37182089.55
NF CAPITAL II FUNDO DE INVESTIMENTO IMOBILIÁRIO,FII,367822724.81
NF CAPITAL II FUNDO DE INVESTIMENTO IMOBILIÁRIO,FIP,123135013.07
NF CAPITAL II FUNDO DE INVESTIMENTO IMOBILIÁRIO,Outras Cotas de FI,1394239.56
NIHAL - FUNDO DE INVESTIMENTO IMOBILIÁRIO - FII,Cotas de Sociedades,236651003.24
NOVA I FUNDO DE INVESTIMENTO IMOBILIÁRIO,Outras Cotas de FI,1040333.84
OAR - FUNDO DE INVESTIMENTO IMOBILIÁRIO - FII,Ações de Sociedades,222396186.74
OAR - FUNDO DE INVESTIMENTO IMOBILIÁRIO - FII,Cotas de Sociedades,185311763.48
OAR - FUNDO DE INVESTIMENTO IMOBILIÁRIO - FII,Outras Cotas de FI,243676.43
OLAVSEN FUNDO DE INVESTIMENTO IMOBILIÁRIO,Outras Cotas de FI,1049389.36
OPPORTUNITY FUNDO E INVESTIMENTO IMOBILIÁRIO,Ações de Sociedades,196838791.12
OPPORTUNITY FUNDO E INVESTIMENTO IMOBILIÁRIO,Cotas de Sociedades,717611199.29
OPPORTUNITY FUNDO E INVESTIMENTO IMOBILIÁRIO,FII,343875537.23
OPPORTUNITY FUNDO E INVESTIMENTO IMOBILIÁRIO,LCI,40985765.1
OPPORTUNITY FUNDO E INVESTIMENTO IMOBILIÁRIO,Outras Cotas de FI,148429300.22
OSASCO PROPERTIES FUNDO DE INVESTIMENTO IMOBILIÁRIO,Ações de Sociedades,1716247159.72
OURINVEST JPP FUNDO DE INVESTIMENTO IMOBILIÁRIO - FII,CRI,262994112.16
OURINVEST JPP FUNDO DE INVESTIMENTO IMOBILIÁRIO - FII,FII,4300000.0
OURINVEST JPP FUNDO DE INVESTIMENTO IMOBILIÁRIO - FII,LCI,1287994.2
OURO PRETO DESENVOLVIMENTO IMOBILIARIO I - FII,Ações de Sociedades,28182989.74
OURO PRETO DESENVOLVIMENTO IMOBILIARIO I - FII,Outras Cotas de FI,789339.4
OURO PRETO DESENVOLVIMENTO IMOBILIARIO I - FII,Outros Ativos Financeiros,3874230.19
OURO PRETO DESENVOLVIMENTO IMOBILIÁRIO I FII,Cotas de Sociedades,90475711.69
OURO PRETO DESENVOLVIMENTO IMOBILIÁRIO I FII,Outras Cotas de FI,2244589.08
OURO PRETO DESENVOLVIMENTO IMOBILIÁRIO I FII,Outros Ativos Financeiros,11622690.57
OURO PRETO TRADE INVEST RENDA IMOBILIÁRIA I FUNDO DE INVESTI,Outras Cotas de FI,18245.07
PACALU FUNDO DE INVESTIMENTO IMOBILIÁRIO,Ações de Sociedades,1007752840.08
PEDRA DOURADA FUNDO DE INVESTIMENTO IMOBILIÁRIO - FII,Outras Cotas de FI,1395942.49
PESCARA FUNDO DE INVESTIMENTO IMOBILIARIO - FII,Ações de Sociedades,93176252.0
PESCARA FUNDO DE INVESTIMENTO IMOBILIARIO - FII,Outras Cotas de FI,1873545.4
PIEMONTE FUNDO DE INVESTIMENTO IMOBILIÁRO - FII,Outros Ativos Financeiros,2710297.55
PLATINUM FUNDO DE INVESTIMENTO IMOBILIÁRIO,Ações de Sociedades,34275939.0
PLATINUM FUNDO DE INVESTIMENTO IMOBILIÁRIO,FII,22890829.25
POLO FII RECEBÍVEIS IMOBILIÁRIOS I,CRI,340575843.01
POLO FII RECEBÍVEIS IMOBILIÁRIOS I,FII,2215116.16
POLO FII RECEBÍVEIS IMOBILIÁRIOS I,Outras Cotas de FI,8059376.26
POLO FII RECEBÍVEIS IMOBILIÁRIOS I,Outros Ativos Financeiros,2339263.01
POLO FII RECEBÍVEIS IMOBILIÁRIOS II,CRI,312186933.26
POLO FII RECEBÍVEIS IMOBILIÁRIOS II,FII,105141.9
POLO FII RECEBÍVEIS IMOBILIÁRIOS II,Outras Cotas de FI,37649268.2
POLO FII RECEBÍVEIS IMOBILIÁRIOS II,Outros Ativos Financeiros,43169953.8
PRIME 16 - FUNDO DE INVESTIMENTO IMOBILIARIO,Outras Cotas de FI,364295225.07
PSG FUNDO DE INVESTIMENTO IMOBILIÁRIO,Outras Cotas de FI,20425.82
QUORUM HASTA - FUNDO DE INVESTIMENTO IMOBILIÁRIO - FII,Outras Cotas de FI,23698625.04
RB CAPITAL DESENVOLVIMENTO RESIDENCIAL II - FII,Ações de Sociedades,69929703.38
RB CAPITAL DESENVOLVIMENTO RESIDENCIAL II - FII,Outros Ativos Financeiros,71959335.04
RB CAPITAL PATRIMONIAL V FUNDO DE INVESTIMENTO IMOBILIÁRIO,CRI,4118846.89
RB CAPITAL RENDIMENTOS IMOBILIARIOS FII,CRI,42651502.0
RB CAPITAL RENDIMENTOS IMOBILIARIOS FII,FII,5512231.76
RB CAPITAL RENDIMENTOS IMOBILIARIOS FII,LCI,24906203.19
RB CAPITAL RENDIMENTOS IMOBILIARIOS FII,Outros Ativos Financeiros,12156495.93
RB CAPITAL TFO SITUS FUNDO DE INVESTIMENTO IMOBILIÁRIO - FII,Ações de Sociedades,7380000.0
RB CAPITAL TFO SITUS FUNDO DE INVESTIMENTO IMOBILIÁRIO - FII,Cotas de Sociedades,7380000.0
REAG CICA JUNDIAI FUNDO DE INVESTIMENTO IMOBILIARIO  FII,Outras Cotas de FI,6333973.0
REAG RENDA FUNDO DE INVESTIMENTO - FII,FII,101672333.99
REAG RENDA FUNDO DE INVESTIMENTO - FII,FIP,61551658.37
REAG RENDA FUNDO DE INVESTIMENTO - FII,Outras Cotas de FI,2162910.09
REAG RENDA IMOBILIÁRIA FUNDO DE INVESTIMENTO IMOBILIÁRIO,FII,33643034.97
REAG RENDA IMOBILIÁRIA FUNDO DE INVESTIMENTO IMOBILIÁRIO,FIP,20369601.87
REAG RENDA IMOBILIÁRIA FUNDO DE INVESTIMENTO IMOBILIÁRIO,Outras Cotas de FI,5764577.51
REAG RIACHO  IMOBILIARIO - FII,CRI,19192803.51
REAG RIACHO  IMOBILIARIO - FII,Outras Cotas de FI,357460.42
RIO BRAVO CREDITO IMOBILIARIO I FII,CRI,21029043.46
RIO BRAVO CREDITO IMOBILIARIO I FII,FII,9286110.16
RIO BRAVO CREDITO IMOBILIARIO II FI IMOBILIARIO,CRI,75228838.47
RIO BRAVO CREDITO IMOBILIARIO II FI IMOBILIARIO,FII,32502676.87
SABIA FUNDO DE INVESTIMENTO IMOBILIARIO - FII,Ações de Sociedades,153125707.26
SABIA FUNDO DE INVESTIMENTO IMOBILIARIO - FII,Outras Cotas de FI,776171.8
SAFIRA - FUNDO DE INVESTIMENTO IMOBILIARIO - FII,Outras Cotas de FI,1816899.26
SALUS FUNDO DE INVESTIMENTO IMOBILIÁRIO - FII,Outras Cotas de FI,295372.05
SALUS II FUNDO DE INVESTIMENTO IMOBILIÁRIO - FII,Outras Cotas de FI,357017.26
SANTANDER AGÊNCIAS FUNDO DE INVESTIMENTO IMOBILIÁRIO - FII,Outras Cotas de FI,51191182.66
SANTO EMILIANO FUNDO DE INVESTIMENTO IMOBILIÁRIO - FII,Cotas de Sociedades,64696000.0
SAPUCAÍ RIO FUNDO DE INVESTIMENTO IMOBILIÁRIO - FII,Ações de Sociedades,2825699768.46
SAPUCAÍ RIO FUNDO DE INVESTIMENTO IMOBILIÁRIO - FII,FII,719304253.9
SB FUNDO DE INVESTIMENTO IMOBILIÁRIO,Outras Cotas de FI,8353695.29
SCP - FUNDO DE INVESTIMENTO IMOBILIÁRIO,Outras Cotas de FI,1220173.89
SCP - FUNDO DE INVESTIMENTO IMOBILIÁRIO,Outros Ativos Financeiros,3082045.08
SDI LOGÍSTICA RIO - FUNDO DE INVESTIMENTO IMOBILIÁRIO,Outras Cotas de FI,126806634.91
SDI LOGÍSTICA RIO - FUNDO DE INVESTIMENTO IMOBILIÁRIO,Outros Ativos Financeiros,80681.39
SHOPPING IPIRANGA FII,Ações,206203700.94
SOCOPA FUNDO DE INVESTIMENTO IMOBILIÁRIO - FII,CRI,109284801.49
SOCOPA FUNDO DE INVESTIMENTO IMOBILIÁRIO - FII,Outras Cotas de FI,8211857.57
SOCOPA FUNDO DE INVESTIMENTO IMOBILIÁRIO - FII,Outros Ativos Financeiros,13177610.58
SONDA FUNDO DE INVESTIMENTO IMOBILIÁRIO - FII,Ações de Sociedades,1626887811.42
SONDA FUNDO DE INVESTIMENTO IMOBILIÁRIO - FII,Outras Cotas de FI,172479.21
SP DOWNTOWN FUNDO DE INVESTIMENTO IMOBILIÁRIO - FII,Outras Cotas de FI,3166599.58
SP DOWNTOWN FUNDO DE INVESTIMENTO IMOBILIÁRIO - FII,Outros Ativos Financeiros,19986858.12
SPA FUNDO DE INVESTIMENTO IMOBILIÁRIO,Ações de Sociedades,44789736.48
SPA FUNDO DE INVESTIMENTO IMOBILIÁRIO,Outras Cotas de FI,1850490.67
SUCCESS - FUNDO DE INVESTIMENTO IMOBILIÁRIO,Outras Cotas de FI,1268512.28
SÃO DOMINGOS - FUNDO DE INVESTIMENTO IMOBILIÁRIO - FII,Ações de Sociedades,12281625.67
SÃO DOMINGOS - FUNDO DE INVESTIMENTO IMOBILIÁRIO - FII,CRI,0.0
SÃO DOMINGOS - FUNDO DE INVESTIMENTO IMOBILIÁRIO - FII,FII,19562114.95
SÃO JORGE FUNDO DE INVESTIMENTO IMOBILIARIO,Ações,6725000.0
TAG ALIANZA BTS - FUNDO DE INVESTIMENTO IMOBILIÁRIO,Cotas de Sociedades,254414924.0
TAG ALIANZA BTS - FUNDO DE INVESTIMENTO IMOBILIÁRIO,Outras Cotas de FI,43724620.09
TAG GR IV FUNDO DE INVESTIMENTO IMOBILIÁRIO,Ações de Sociedades,364470031.01
TAG GR IV FUNDO DE INVESTIMENTO IMOBILIÁRIO,Outras Cotas de FI,10154214.62
TC ALMAVI FUNDO DE INVESTIMENTO IMOBILIÁRIO - FII,Cotas de Sociedades,4481077.95
TC BTOWERS FUNDO DE INVESTIMENTO IMOBILIÁRIO,Outras Cotas de FI,1620491.47
TC EMPRO FUNDO DE INVESTIMO IMOBILIÁRIO - FII,Ações de Sociedades,33532551.41
TC EMPRO FUNDO DE INVESTIMO IMOBILIÁRIO - FII,Cotas de Sociedades,49581521.07
TC EMPRO FUNDO DE INVESTIMO IMOBILIÁRIO - FII,Outras Cotas de FI,1440.61
TERRA - FUNDO DE INVESTIMENTO IMOBILIÁRIO,Outras Cotas de FI,1432964.75
TMJ FUNDO DE INVESTIMENTO IMOBILIARIO,Outros Ativos Financeiros,5970245.45
TRANSINC FUNDO DE INVESTIMENTO IMOBILIÁRIO - FII,Outros Ativos Financeiros,-519361.65
TREECORP REAL ESTATE FUNDO DE INVESTIMENTO IMOBILIÁRIO - I,Cotas de Sociedades,100003996.0
TREECORP REAL ESTATE FUNDO DE INVESTIMENTO IMOBILIÁRIO - I,Outras Cotas de FI,12541613.49
TREVISO FUNDO DE INVESTIMENTO IMOBILIÁRIO - FII,Outras Cotas de FI,74273.5
TRX EDIFICIOS CORPORATIVOS FUNDO DE INVESTIMENTO IMOBILIARIO,Outras Cotas de FI,7967449.51
TRX REALTY LOGISTICA RENDA I FI IMOBILIARIO - FII,Outras Cotas de FI,1569781021.39
VALORA RE I FUNDO DE INVESTIMENTO IMOBILIÁRIO - FII,CRI,191917672.25
VALORA RE III FI IMOBILIARIO - FII,CRI,36785835.73
VALORA RE III FI IMOBILIARIO - FII,Outras Cotas de FI,2725088.23
VAM FUNDO DE INVESTIMENTO IMOBILIÁRIO,Outras Cotas de FI,308857.77
VBI ULIVING FUNDO DE INVESTIMENTO IMOBILIÁRIO,Outras Cotas de FI,1141753.31
VECTOR QUELUZ LAJES CORPORATIVAS FUNDO DE INVESTIMENTO IMOBI,CRI,171979037.21
VECTOR QUELUZ LAJES CORPORATIVAS FUNDO DE INVESTIMENTO IMOBI,LCI,44732040.18
VECTOR QUELUZ LAJES CORPORATIVAS FUNDO DE INVESTIMENTO IMOBI,Outros Ativos Financeiros,46207079.63
VGS - FUNDO DE INVESTIMENTO IMOBILIÁRIO - FII,Outras Cotas de FI,156797.53
VINCI LOGÍSTICA FUNDO DE INVESTIMENTO IMOBILIÁRIO,Outras Cotas de FI,6414971.05
VINCI SHOPPING CENTERS FUNDO DE INVESTIMENTO IMOBILIARIO,LCI,518686090.97
VINCI SHOPPING CENTERS FUNDO DE INVESTIMENTO IMOBILIARIO,Outras Cotas de FI,556157197.94
VINCI SHOPPING CENTERS FUNDO DE INVESTIMENTO IMOBILIARIO,Outros Ativos Financeiros,16154708.62
VIRACONDO FUNDO DE INVESTIMENTO IMOBILIÁRIO,FIDC,1240632.55
VIRACONDO FUNDO DE INVESTIMENTO IMOBILIÁRIO,FII,3119289.44
VIRACONDO FUNDO DE INVESTIMENTO IMOBILIÁRIO,FIP,36714808.52
VIRACONDO FUNDO DE INVESTIMENTO IMOBILIÁRIO,Outras Cotas de FI,155934422.72
VIRACONDO FUNDO DE INVESTIMENTO IMOBILIÁRIO,Outros Ativos Financeiros,820000.97
VISTA REAL ESTATE FUNDO DE INVESTIMENTO IMOBILIÁRIO,Ações de Sociedades,299809034.83
VISTA REAL ESTATE FUNDO DE INVESTIMENTO IMOBILIÁRIO,Outras Cotas de FI,660670.6
VOTORANTIM CARDIO PULMONAR FUNDO DE INVESTIMENTO IMOBILIÁRIO,Cotas de Sociedades,352466457.0
VOTORANTIM CARDIO PULMONAR FUNDO DE INVESTIMENTO IMOBILIÁRIO,LCI,37847250.6
VRE DESENVOLVIMENTO III - FUNDO IMOBILIÁRIO,Ações de Sociedades,150041908.94
VRE DESENVOLVIMENTO III - FUNDO IMOBILIÁRIO,Outras Cotas de FI,4015858.16
VRE HOTEIS - FII - FII HIBRIDO GESTÃO ATIVA - HOTEL,Cotas de Sociedades,241536638.64
VRE HOTEIS - FII - FII HIBRIDO GESTÃO ATIVA - HOTEL,Outras Cotas de FI,116948041.02
XP CORPORATE MACAÉ FUNDO DE INVESTIMENTO IMOBILIÁRIO,Outras Cotas de FI,19142446.81
XP LOG FUNDO DE INVESTIMENTO IMOBILIARIO - FII,LCI,85108728.25
XP LOG FUNDO DE INVESTIMENTO IMOBILIÁRIO,LCI,170217456.54
XP MALLS FUNDO DE INVESTIMENTO IMOBILIARIO,Ações de Sociedades,356423653.17
XP MALLS FUNDO DE INVESTIMENTO IMOBILIARIO,FII,3356432.0
XP MALLS FUNDO DE INVESTIMENTO IMOBILIARIO,LCI,16557535.23
XP MALLS FUNDO DE INVESTIMENTO IMOBILIARIO,Outras Cotas de FI,55130688.4
XP MALLS FUNDO DE INVESTIMENTO IMOBILIARIO - FII,Ações de Sociedades,60343716.95
XP MALLS FUNDO DE INVESTIMENTO IMOBILIARIO - FII,LCI,76381522.93
XP MALLS FUNDO DE INVESTIMENTO IMOBILIARIO - FII,Outras Cotas de FI,60352556.2
XPCE RE FUNDO DE INVESTIMENTO IMOBILIÁRIO,Ações de Sociedades,8094.0
YAGO - FUNDO DE INVESTIMENTO IMOBILIÁRIO - FII,Outras Cotas de FI,42.77
ZAHAV FUNDO DE INVESTIMENTOS IMOBILIÁRIOS FII,CRI,18360734.38
ZAHAV FUNDO DE INVESTIMENTOS IMOBILIÁRIOS FII,Outras Cotas de FI,25679.65
ÊXITUS FUNDO DE INVESTIMENTO IMOBILIÁRIO - FII,Outras Cotas de FI,794049.49
