Nome_Fundo,Publico_Alvo
FUNDO DE INVESTIMENTO IMOBILIÁRIO VIA PARQUE SHOPPING,INVESTIDORES EM GERAL
FUNDO DE INVESTIMENTO IMOBILIÁRIO PANAMBY,INVESTIDORES EM GERAL
FUNDO INVESTIMENTO IMOBILIÁRIO CENTRO TEXTIL INTERNACIONAL,INVESTIDORES EM GERAL
FUNDO DE INVESTIMENTO IMOBILIÁRIO HERMES,INVESTIDORES EM GERAL
FUNDO DE INVESTIMENTO IMOBILIÁRIO GRAND PLAZA SHOPPING,INVESTIDORES EM GERAL
OPPORTUNITY FUNDO DE INVESTIMENTO IMOBILIÁRIO,INVESTIDOR PROFISSIONAL
LAGRA FUNDO DE INVESTIMENTO IMOBILIÁRIO,INVESTIDORES EM GERAL
FUNDO DE INVESTIMENTO IMOBILIÁRIO MISTRAL,INVESTIDORES EM GERAL
FUNDO FORTALEZA DE INVESTIMENTO IMOBILIÁRIO,INVESTIDORES EM GERAL
FUNDO DE INVESTIMENTO IMOBILIÁRIO MEMORIAL OFFICE,INVESTIDORES EM GERAL
FUNDO DE INVESTIMENTO IMOBILIARIO PATEO MOINHOS DE VENT,INVESTIDOR QUALIFICADO
SCP FUNDO DE INVESTIMENTO IMOBILIÁRIO,INVESTIDORES EM GERAL
FUNDO DE INVESTIMENTO IMOBILIÁRIO GEO GUARARAPES,INVESTIDOR QUALIFICADO E PROFISSIONAL
LOGINVEST FUNDO DE INVESTIMENTO IMOBILIÁRIO INDUSTRIAL,INVESTIDORES EM GERAL
FII PROJ AGUA BRANCA,INVESTIDORES EM GERAL
FUNDO DE INVESTIMENTO IMOBILIÁRIO SHOP. PÁTIO HIGIENÓPOLIS,INVESTIDORES EM GERAL
FUNDO DE INVESTIMENTO IMOBILIARIO RIOBRAVO RENDA CORPORATIVA,INVESTIDORES EM GERAL
FUNDO DE INVESTIMENTO IMOBILIÁRIO RB LOGÍSTICA,INVESTIDOR QUALIFICADO
FUNDO DE INVESTIMENTO IMOBILIARIO - FII HOSPITAL DA CRIANCA,INVESTIDORES EM GERAL
FUNDO DE INVEST. IMOBILIÁRIO CONTINENTAL SQUARE FARIA LIMA,INVESTIDORES EM GERAL
STARK FUNDO DE INVESTIMENTO IMOBILIÁRIO-FII,INVESTIDOR PROFISSIONAL
FUNDO DE INVESTIMENTO IMOBILIARIO - FII TORRE NORTE,INVESTIDORES EM GERAL
FUNDO DE INVESTIMENTO IMOBILIÁRIO EUROPAR,INVESTIDORES EM GERAL
FII EDIFICIO ALMIRANTE BARROSO,INVESTIDORES EM GERAL
FUNDO DE INVESTIMENTO IMOBILIÁRIO EDIFÍCIO OURINVEST - FII,INVESTIDORES EM GERAL
BB FUNDO DE INVESTIMENTO IMOBILIARIO PROGRESSIVO,INVESTIDORES EM GERAL
FII TORRE ALMIRANTE,INVESTIDORES EM GERAL
FUNDO DE INVESTIMENTO IMOBILIARIO - SHOPPING PARQUE D. PEDRO,INVESTIDORES EM GERAL
FUNDO DE INVESTIMENTO IMOBILIARIO PENINSULA,INVESTIDOR QUALIFICADO
FII ANCAR IC,INVESTIDORES EM GERAL
FII HOSPITAL NOSSA SENHORA DE LOURDES,INVESTIDORES EM GERAL
HSI RENDA IMOBILIÁRIA FUNDO DE INVESTIMENTO IMOBILIÁRIO,INVESTIDORES EM GERAL
FUNDO DE INVESTIMENTO IMOBILIÁRIO FCM,INVESTIDOR QUALIFICADO
HEDGE BRASIL SHOPPING FUNDO DE INVESTIMENTO IMOBILIÁRIO,INVESTIDORES EM GERAL
FUNDO DE INVESTIMENTO IMOBILIARIO VEREDA - FII,INVESTIDORES EM GERAL
RB CAPITAL RENDA I FUNDO DE INVESTIMENTO IMOBILIÁRIO - FII,INVESTIDORES EM GERAL
FUNDO DE INVESTIMENTO IMOBILIARIO - FII HOTEL MAXINVEST,INVESTIDORES EM GERAL
FII - FII BTG PACTUAL CORPORATE OFFICE FUND,INVESTIDORES EM GERAL
FUNDO DE INVESTIMENTO IMOBILIARIO RIO GRANDE,INVESTIDOR PROFISSIONAL
RB CAPITAL RENDA II,INVESTIDORES EM GERAL
PÁTRIA ESCRITÓRIOS FUNDO DE INVESTIMENTO IMOBILIÁRIO,INVESTIDORES EM GERAL
FUNDO DE INVESTIMENTO IMOBILIARIO PATRIMONIAL IV,INVESTIDOR QUALIFICADO
FII PROPERTY INVEST,INVESTIDOR PROFISSIONAL
SHOPPING WEST PLAZA FUNDO DE INVESTIMENTO IMOBILIARIO,INVESTIDORES EM GERAL
SEQUÓIA III RENDA IMOBILIÁRIA FII,INVESTIDORES EM GERAL
FII - BTG PACTUAL CREDITO IMOBILIARIO,INVESTIDORES EM GERAL
CIDADE JARDIM CONTINENTAL TOWER FII,INVESTIDOR QUALIFICADO
HEDGE FLORIPA SHOPPING FUNDO DE INVESTIMENTO IMOBILIÁRIO,INVESTIDORES EM GERAL
FUNDO DE INVESTIMENTO IMOBILIARIO - FII PRIME PORTFOLIO,INVESTIDOR QUALIFICADO
FUNDO DE INVESTIMENTO IMOBILIÁRIO PHORBIS,INVESTIDORES EM GERAL
DRIT11 FII,INVESTIDOR QUALIFICADO
DOVEL FII,INVESTIDOR QUALIFICADO E PROFISSIONAL
FUNDO DE INVESTIMENTO IMOBILIARIO - FII PQ DOM PEDRO SHOPP C,INVESTIDORES EM GERAL
FUNDO DE INVESTIMENTO IMOBILIÁRIO CAIXA CEDAE,INVESTIDORES EM GERAL
STARX FUNDO DE INVESTIMENTO IMOBILIÁRIO - FII,INVESTIDORES EM GERAL
PÁTRIA RECEBÍVEIS IMOBILIÁRIOS - FII,INVESTIDORES EM GERAL
FII ANHANGUERA EDUCACIONAL,INVESTIDORES EM GERAL
REAL MINAS FUNDO DE INVESTIMENTO IMOBILIÁRIO - FII,INVESTIDOR QUALIFICADO
PÁTRIA PRIME OFFICES - FII - RESPONSABILIDADE LIMITADA,INVESTIDORES EM GERAL
JPP FII - FUNDO DE INVESTIMENTO IMOBILIÁRIO - FII - RESP LIM,INVESTIDOR PROFISSIONAL
FUNDO DE INVESTIMENTO IMOBILIARIO - FII MAX RETAIL,INVESTIDORES EM GERAL
PRESIDENTE VARGAS FUNDO DE INVESTIMENTO IMOBILIÁRIO,INVESTIDORES EM GERAL
TAG GR IV FUNDO DE INVESTIMENTO IMOBILIÁRIO,INVESTIDOR QUALIFICADO
FUNDO DE INVESTIMENTO IMOBILIARIO - FII CAMPUS FARIA LIMA,INVESTIDORES EM GERAL
FATOR VERITA FII,INVESTIDORES EM GERAL
PÁTRIA LOG - FUNDO DE INVESTIMENTO IMOBILIÁRIO,INVESTIDORES EM GERAL
GENERAL SHOPPING E OUTLETS DO BRASIL FII,INVESTIDORES EM GERAL
INCENTIVO FUNDO DE INVESTIMENTO IMOBILIÁRIO-FII,INVESTIDOR QUALIFICADO E PROFISSIONAL
BTG PACTUAL LOGISTICA FUNDO DE INVESTIMENTO IMOBILIARIO,INVESTIDORES EM GERAL
RB CAPITAL DESENVOLVIMENTO RESIDENCIAL II - FII,INVESTIDOR QUALIFICADO
KINEA RENDA IMOBILIARIA FII,INVESTIDORES EM GERAL
SABIA FUNDO DE INVESTIMENTO IMOBILIÁRIO - FII,INVESTIDOR QUALIFICADO
EXITUS FIAGRO - IMOBILIÁRIO,INVESTIDOR PROFISSIONAL
ATRIUM NACOES UNIDAS FUNDO DE INVESTIMENTO IMOBILIARIO - FII,INVESTIDOR QUALIFICADO
VINCI OFFICES FUNDO DE INVESTIMENTO IMOBILIÁRIO,INVESTIDORES EM GERAL
BB RENDA CORPORATIVA FUNDO DE INVESTIMENTO IMOBILIÁRIO - FII,INVESTIDORES EM GERAL
FUNDO DE INVESTIMENTO IMOBILIÁRIO SC 401,INVESTIDORES EM GERAL
HEDGE ATRIUM SHOPPING SANTO ANDRÉ FUNDO DE INVEST IMOB,INVESTIDORES EM GERAL
OAR - FUNDO DE INVESTIMENTO IMOBILIÁRIO,INVESTIDOR PROFISSIONAL
FUNDO DE INVESTIMENTO IMOBILIÁRIO CAIXA SEQ LOGÍSTICA RENDA,INVESTIDORES EM GERAL
FUNDO DE INVESTIMENTO IMOBILIÁRIO DA REGIÃO DO PORTO,INVESTIDOR QUALIFICADO
FUNDO DE INVESTIMENTO IMOBILIÁRIO CAIXA INCORPORAÇÃO,INVESTIDOR PROFISSIONAL
PARQUE ANHANGUERA FUNDO DE INVESTIMENTO IMOBILIÁRIO,INVESTIDORES EM GERAL
CAIXA FUNDO DE INVESTIMENTO IMOBILIÁRIO PORTO MARAVILHA,INVESTIDOR QUALIFICADO
OSASCO PROPERTIES FUNDO DE INVESTIMENTO IMOBILIÁRIO,INVESTIDOR QUALIFICADO
SALUS - FUNDO DE INVESTIMENTO IMOBILIÁRIO,INVESTIDOR QUALIFICADO
FII CAIXA DESENVOLVIMENTO IMOBILIARIO,INVESTIDOR QUALIFICADO
FUNDO DE INVESTIMENTO IMOBILIÁRIO - FII ELDORADO,INVESTIDORES EM GERAL
PSG FUNDO DE INVESTIMENTO IMOBILIÁRIO,INVESTIDOR QUALIFICADO
TERRA - FUNDO DE INVESTIMENTO IMOBILIARIO,INVESTIDOR QUALIFICADO
JS REAL ESTATE MULTIGESTÃO FUNDO DE INVESTIMENTO IMOBILIÁRIO,INVESTIDORES EM GERAL
FII RIO BRAVO OPORTUNIDADES IMOBILIÁRIAS,INVESTIDORES EM GERAL
FUNDO DE INVESTIMENTO IMOBILIARIO - FII CENESP,INVESTIDORES EM GERAL
AQUILLA FUNDO DE INVESTIMENTO IMOBILIÁRIO,INVESTIDOR QUALIFICADO E PROFISSIONAL
BRAZILIAN GRAVEYARD AND DEATH CARE SERVICES FUNDO DE INV,INVESTIDORES EM GERAL
FUNDO DE INVESTIMENTO IMOBILIÁRIO DO ESTADO DE SÃO PAULO,INVESTIDOR QUALIFICADO
TREVISO - FUNDO DE INVESTIMENTO IMOBILIÁRIO,INVESTIDOR QUALIFICADO
SONDA - FUNDO DE INVESTIMENTO IMOBILIARIO - FII,INVESTIDOR QUALIFICADO
VECTOR QUELUZ LAJES CORPORATIVAS FII,INVESTIDOR QUALIFICADO
CICA JUNDIAÍ - FUNDO DE INVESTIMENTO IMOBILIÁRIO,INVESTIDOR QUALIFICADO
FUDO DE INVESTIMENTO IMOBILIÁRIO OURINVEST LOGÍSTICA,INVESTIDORES EM GERAL
PERSONALE I FUNDO DE INVESTIMENTO IMOBILIÁRIO - FII,INVESTIDOR QUALIFICADO
BRAZIL REALTY FUNDO DE INVESTIMENTO IMOBILIÁRIO - FII,INVESTIDOR QUALIFICADO
POLO FII RECEBÍVEIS IMOBILIÁRIOS I,INVESTIDOR QUALIFICADO
FUNDO DE INVESTIMENTO IMOBILIÁRIO RAILWAY MALL I - FII,INVESTIDOR QUALIFICADO
ARENA FUNDO DE INVESTIMENTO IMOBILIÁRIO - FII,INVESTIDOR QUALIFICADO
FUNDO DE INVESTIMENTO IMOBILIÁRIO INDUSTRIAL DO BRASIL,INVESTIDORES EM GERAL
BM BRASCAN LAJES CORPORATIVAS - FII,INVESTIDORES EM GERAL
TIVIO RENDA IMOBILIÁRIA FUNDO DE INVESTIMENTO IMOBILIÁRIO,INVESTIDORES EM GERAL
FUNDO DE INVESTIMENTO IMOBILIÁRIO RENDA CORPORATIVA ANGICO,INVESTIDOR QUALIFICADO
KINEA II REAL ESTATE EQUITY FUNDO DE INVESTIMENTO IMOB,INVESTIDOR QUALIFICADO
FUNDO DE INVESTIMENTO IMOBILIÁRIO JHSF CATARINA CORPORATE,INVESTIDOR QUALIFICADO
HAZ FUNDOO DE INVESTIMENTO IMOBILIÁRIO,INVESTIDOR QUALIFICADO E PROFISSIONAL
FII POLO SHOPPING INDAIATUBA,INVESTIDORES EM GERAL
FUNDO DE INVESTIMENTO IMOBILIARIO - FII PATEO BANDEIRANTES,INVESTIDOR QUALIFICADO
NEWPORT RENDA URBANA FUNDO DE INVESTIMENTO IMOBILIARIO FII,INVESTIDORES EM GERAL
V2 EDIFICIOS CORPORATIVOS FUNDO DE INVESTIMENTO IMOBILIARIO,INVESTIDORES EM GERAL
FUNDO DE INVESTIMENTO IMOBILIARIO RIO NEGRO,INVESTIDORES EM GERAL
FUNDO DE INVESTIMENTO IMOBILIARIO PLUS,INVESTIDORES EM GERAL
FUNDO DE INVESTIMENTO IMOBILIARIO  FII EDIFICIO GALERIA,INVESTIDORES EM GERAL
SUCCESS - FUNDO DE INVESTIMENTO IMOBILIÁRIO,INVESTIDOR PROFISSIONAL
BB RENDA DE PAPÉIS IMOBILIÁRIOS FUNDO DE INVESTIMENTO IMOB,INVESTIDORES EM GERAL
GAZIT MALLS FUNDO DE INVESTIMENTO IMOBILIARIO,INVESTIDOR QUALIFICADO
FUNDO DE INVESTIMENTO IMOBILIARIO SHOPPING CIDADE JARDIM,INVESTIDOR QUALIFICADO
FUNDO DE INVESTIMENTO IMOBILILIÁRIO BR HOTÉIS,INVESTIDOR QUALIFICADO E PROFISSIONAL
INHAUMA FII,INVESTIDOR QUALIFICADO
JFDCAM - FUNDO DE INVESTIMENTO IMOBILIÁRIO - FII,INVESTIDOR QUALIFICADO
SP DOWNTOWN FUNDO DE INVESTIMENTO IMOBILIÁRIO - FII,INVESTIDORES EM GERAL
BANRISUL NOVAS FRONTEIRAS FII,INVESTIDORES EM GERAL
FUNDO DE INVESTIMENTO IMOBILIÁRIO RIO BRAVO RENDA VAREJO,INVESTIDORES EM GERAL
ORCHID - FUNDO DE INVESTIMENTO IMOBILIÁRIO,INVESTIDOR PROFISSIONAL
FII CEO CYRELA COMMERCIAL PROPERTIES,INVESTIDORES EM GERAL
SÃO DOMINGOS - FUNDO DE INVESTIMENTO IMOBILIÁRIO - FII,INVESTIDOR QUALIFICADO
FII TELLUS RIO BRAVO RENDA LOGÍSTICA,INVESTIDORES EM GERAL
FUNDO DE INVESTIMENTO IMOBILIARIO MACAM SHOPPING,INVESTIDORES EM GERAL
KINEA RENDIMENTOS IMOBILIÁRIOS FII,INVESTIDORES EM GERAL
XP CORPORATE MACAÉ FUNDO DE INVESTIMENTO IMOBILIÁRIO,INVESTIDORES EM GERAL
FUNDO DE INVESTIMENTO IMOBILIÁRIO SOFI,INVESTIDOR QUALIFICADO
SINGULARE FUNDO DE INVESTIMENTO IMOBILIÁRIO - FII,INVESTIDOR QUALIFICADO
MÉRITO DESENVOLVIMENTO IMOBILIÁRIO I FII,INVESTIDORES EM GERAL
VISTA REAL ESTATE FUNDO DE INVESTIMENTO IMOBILIÁRIO,INVESTIDOR QUALIFICADO
HEDGE REALTY DEVELOPMENT FUNDO DE INVESTIMENTO IMOBILIÁRIO,INVESTIDOR QUALIFICADO
TRANSINC FUNDO DE INVESTIMENTO IMOBILIARIO - FII,INVESTIDORES EM GERAL
FUNDO DE INVESTIMENTO IMOBILIARIO - FII NOVO HORIZONTE,INVESTIDORES EM GERAL
CAIXA RIO BRAVO FUNDO DE FII,INVESTIDORES EM GERAL
CASTELLO BRANCO OFFICE PARK FUNDO DE INVEST IMOBILIÁRIO FII,INVESTIDORES EM GERAL
POLO CRÉDITO IMOBILIÁRIO - FUNDO DE INVESTIMENTO IMOBILIÁRIO,INVESTIDORES EM GERAL
FUNDO DE INVEST. IMOBILIÁRIO PEDRA NEGRA RENDA IMOBILIÁRIA,INVESTIDORES EM GERAL
SB FI NAS CADEIAS PRODUTIVAS AGROINDUSTRIAIS - IMOBILIARIO,INVESTIDOR QUALIFICADO
JPP CAPITAL FUNDO DE INVESTIMENTO IMOBILIÁRIO - FII,INVESTIDORES EM GERAL
FUNDO DE INVESTIMENTO IMOBILIARIO FII GOLDEN,INVESTIDOR QUALIFICADO
FUNDO DE INVESTIMENTO IMOBILIARIO SHOPPING LIGHT,INVESTIDOR QUALIFICADO
FUNDO DE INVESTIMENTO IMOBILIÁRIO - FII SIA CORPORATE,INVESTIDOR QUALIFICADO
FII BRASIL PLURAL ABSOLUTO FUNDOS DE FUNDOS,INVESTIDORES EM GERAL
RIO BRAVO FUNDO DE FUNDOS DE INVESTIMENTO IMOBILIÁRIO,INVESTIDORES EM GERAL
REAG MULTI ATIVOS FUNDO DE INVESTIMENTO IMOBILIÁRIO,INVESTIDORES EM GERAL
VINCI SHOPPING CENTERS FUNDO DE INVESTIMENTO IMOBILIÁRIO-FII,INVESTIDORES EM GERAL
MAIS SHOPPING FUNDO DE INVESTIMENTO IMOBILIARIO,INVESTIDOR QUALIFICADO
GENERAL SHOPPING ATIVO E RENDA FUNDO DE INVEST IMOB,INVESTIDORES EM GERAL
PESCARA FUNDO DE INVESTIMENTO IMOBILIÁRIO,INVESTIDOR QUALIFICADO
SAFIRA FUNDO DE INVESTIMENTO IMOBILIÁRIO,INVESTIDOR QUALIFICADO
VANQUISH FUNDO DE INVESTIMENTO IMOBILIÁRO - FII,INVESTIDOR QUALIFICADO
NF CAPITAL II FUNDO DE INVESTIMENTO IMOBILIÁRIO,INVESTIDOR PROFISSIONAL
VIDA NOVA FUNDO DE INVESTIMENTO IMOBILIÁRIO - FII,INVESTIDORES EM GERAL
TIVIO SECURITIES FUNDO DE INVESTIMENTO IMOBILIÁRIO,INVESTIDORES EM GERAL
FII FYTO RECEBIVEIS IMOBILIARIOS RESPONSABILIDADE LIMITADA,INVESTIDORES EM GERAL
ETR PROPERTIES FUNDO DE INVESTIMENTO IMOBILIARIO  FII,INVESTIDOR QUALIFICADO
YAGO FUNDO DE INVESTIMENTO IMOBILIÁRIO,INVESTIDOR QUALIFICADO
BIRD FUNDO DE INVESTIMENTO IMOBILIARIO - FII,INVESTIDOR PROFISSIONAL
HEDGE TOP FOFII 3 FUNDO DE INVESTIMENTO IMOBILIÁRIO,INVESTIDORES EM GERAL
FII BTG HOTÉIS,INVESTIDORES EM GERAL
SPA FUNDO DE INVESTIMENTO IMOBILIÁRIO,INVESTIDORES EM GERAL
PETROS FUNDO DE INVESTIMENTO IMOBILIARIO - FII,INVESTIDOR PROFISSIONAL
FUNDO DE INVESTIMENTO IMOBILIÁRIO INFRA REAL ESTATE - FII,INVESTIDOR QUALIFICADO
FUNDO DE INVESTIMENTO IMOBILIÁRIO POLO ESTOQUE II FII,INVESTIDOR QUALIFICADO
CAM VERA CRUZ FUNDO DE INVESTIMENTO IMOBILIÁRIO,INVESTIDOR QUALIFICADO
FII EXCLUSIVO INFRA PATRIMONIAL II,INVESTIDOR PROFISSIONAL
TARANTO FUNDO DE INVESTIMENTO IMOBILIÁRIO,INVESTIDOR PROFISSIONAL
CIDADE - FUNDO DE INVESTIMENTO IMOBILIÁRIO - FII,INVESTIDOR QUALIFICADO
BRL EDIFÍCIOS COMERCIAIS FUNDO DE INVESTIMENTO IMOBILIÁRIO,INVESTIDOR QUALIFICADO
CHALLENGER FUNDO DE INVESTIMENTO IMOBILIÁRIO - FII,INVESTIDOR QUALIFICADO
CAPITANIA SECURITIES II,INVESTIDORES EM GERAL
BRL LAJES CORPORATIVA FUNDO DE INVESTIMENTO IMOBILIÁRIO,INVESTIDOR PROFISSIONAL
OURO REC DESENVOLVIMENTO IMOBILIÁRIO I FII-FII,INVESTIDORES EM GERAL
SAPUCAÍ RIO FUNDO DE INVESTIMENTO IMOBILIÁRIO - FII,INVESTIDOR QUALIFICADO
AB CAPITAL FUNDO DE INVESTIMENTO IMOBILIÁRIO,INVESTIDOR PROFISSIONAL
FUNDO DE INVESTIMENTO IMOBILIÁRIO FL 3.500 I - FII,INVESTIDOR QUALIFICADO
LA DEFENSE FUNDO DE INVESTIMENTO IMOBILIÁRIO - FII,INVESTIDORES EM GERAL
RB CAPITAL DESENVOLVIMENTO RESIDENCIAL III - FII,INVESTIDOR QUALIFICADO
VGS FUNDO DE INVESTIMENTO IMOBILIÁRIO - FII,INVESTIDOR QUALIFICADO
2509 FUNDO DE INVESTIMENTO IMOBILIARIO - FII,INVESTIDOR QUALIFICADO
FUNDO DE INVESTIMENTO IMOBILIARIO MORUMBI TOWN I,INVESTIDOR QUALIFICADO
LOFT I FUNDO DE INVESTIMENTO IMOBILIARIO,INVESTIDOR PROFISSIONAL
PLT FUNDO IMOBILIÁRIO - FII,INVESTIDOR PROFISSIONAL
17007 FUNDO DE INVESTIMENTO IMOBILIÁRIO,INVESTIDOR PROFISSIONAL
FUNDO DE INVESTIMENTO IMOBILIARIO 4KIDS,INVESTIDOR QUALIFICADO
CASPER FUNDO DE INVESTIMENTO IMOBILIÁRIO - FII,INVESTIDOR PROFISSIONAL
PLATINIUM FUNDO DE INVESTIMENTO IMOBILIÁRIO,INVESTIDOR PROFISSIONAL
CEDRO - FUNDO DE INVESTIMENTO IMOBILIÁRIO - FII,INVESTIDOR PROFISSIONAL
BTOWERS FUNDO DE INVESTIMENTO IMOBILIÁRIO,INVESTIDORES EM GERAL
BRADESCO CARTEIRA IMOBILIÁRIA ATIVA - FUNDO DE FUNDOS DE INV,INVESTIDOR PROFISSIONAL
FUNDO DE INVESTIMENTO IMOBILIÁRIO HIERON BERLIM,INVESTIDORES EM GERAL
FII BRISA RENDA IMOBILIARIA,INVESTIDOR QUALIFICADO
LA SHOPPING II CENTERS FUNDO DE INVESTIEMNTO IMOBILIARIO,INVESTIDOR PROFISSIONAL
BRESCO LOGÍSTICA FII RESPONSABILIDADE LIMITADA,INVESTIDORES EM GERAL
FGRP FUNDO DE INVESTIMENTO IMOBILIÁRIO,INVESTIDORES EM GERAL
BPGB-001 FUNDO DE INVESTIMENTO IMOBILIÁRIO,INVESTIDOR QUALIFICADO
BPG LOGÍSTICA I FUNDO DE INVESTIMENTO IMOBILIÁRIO,INVESTIDOR QUALIFICADO
EBT FUNDO DE INVESTIMENTO IMOBILIÁRIO,INVESTIDOR QUALIFICADO
FUNDO DE INVESTIMENTO IMOBILIÁRIO BRASIL VAREJO FII,INVESTIDORES EM GERAL
HAMAL - FUNDO DE INVESTIMENTO IMOBILIÁRIO - FII,INVESTIDOR QUALIFICADO
FUNDO DE INVESTIMENTO IMOBILIARIO RBR PROPERTIES,INVESTIDORES EM GERAL
FUNDO DE INVESTIMENTO IMOBILIÁRIO PATRIMONIAL V FII,INVESTIDOR QUALIFICADO
SHOPPING INTERNACIONAL GUARULHOS  FII,INVESTIDOR QUALIFICADO
PARKING PARTNERS FUNDO DE INVESTIMENTO IMOBILIÁRIO - FII,INVESTIDOR PROFISSIONAL
VRE DESENVOLVIMENTO III FUNDO DE INVESTIMENTO IMOBILIÁRIO,INVESTIDOR QUALIFICADO
CAM THRONE FUNDO DE INVESTIMENTO IMOBILIÁRIO,INVESTIDOR QUALIFICADO
IPS PB - FUNDO DE INVESTIMENTO IMOBILIÁRIO,INVESTIDOR QUALIFICADO
NOVA I - FUNDO DE INVESTIMENTO IMOBILIARIO - FII,INVESTIDOR QUALIFICADO
BRAZIL PROPERTIES INVEST FUNDO DE INVESTIMENTO IMOBILIÁRIO,INVESTIDOR QUALIFICADO
SOLARIUM FII - FUNDO DE INVESTIMENTO IMOBILIARIO,INVESTIDOR QUALIFICADO
ALIANZA REAL ESTATE II FII,INVESTIDOR PROFISSIONAL
FUNDO DE INVESTIMENTO IMOBILIÁRIO CAIXA CONVIDA SUAPE,INVESTIDOR QUALIFICADO
BANESTES RECEBIVEIS IMOBILIARIOS FII,INVESTIDORES EM GERAL
G5 JOMAFIL - FUNDO DE INVESTIMENTO IMOBILIARIO - FII,INVESTIDOR QUALIFICADO E PROFISSIONAL
MULTI SHOPPINGS FUNDO DE INVESTIMENTO IMOBILIARIO FII,INVESTIDORES EM GERAL
OPORTUNIDADE I FUNDO DE INVESTIMENTO IMOBILIÁRIO,INVESTIDOR PROFISSIONAL
IZAR - FUNDO DE INVESTIMENTO IMOBILIÁRIO - FII,INVESTIDOR PROFISSIONAL
ALIANZA MULTIOFFICES - FUNDO DE INVESTIMENTO IMOBILIÁRIO,INVESTIDOR QUALIFICADO
FUNDO DE INVESTIMENTO IMOBILIÁRIO CONTAGEM BTS - FII,INVESTIDOR QUALIFICADO
V2 RECEBIVEIS IMOBILIARIOS FUNDO DE INVESTIMENTO IMOBILIARIO,INVESTIDORES EM GERAL
NIHAL - FUNDO DE INVESTIMENTO IMOBILIÁRIO - FII,INVESTIDOR PROFISSIONAL
TRIPLE A FUNDO DE INVESTIMENTO IMOBILIÁRIO,INVESTIDOR QUALIFICADO
FUNDO DE INVESTIMENTO IMOBILIARIO SF - FII,INVESTIDOR PROFISSIONAL
FUNDO DE INVESTIMENTO IMOBILIÁRIO TM - FII,INVESTIDORES EM GERAL
FII MAUA CAPITAL RECEBIVEIS IMOBILIARIOS  FII,INVESTIDORES EM GERAL
FUNDO DE INVESTIMENTO IMOBILIÁRIO GREEN TOWERS,INVESTIDORES EM GERAL
FUNDO DE INVESTIMENTO IMOBILIARIO VOTORANTIM PATRIMONIAL XII,INVESTIDOR PROFISSIONAL
FUNDO DE INVESTIMENTO IMOBILIÁRIO VOTORANTIM SHOPPING,INVESTIDORES EM GERAL
TOP CENTER FUNDO DE INVESTIMENTO IMOBILIARIO,INVESTIDOR QUALIFICADO
NORTHWEST INVESTIMENTOS IMOBILIÁRIOS EM SAÚDE FUND I - FII,INVESTIDOR PROFISSIONAL
JT PREV FUNDO DE INVESTIMENTO IMOBILIÁRIO D. HAB,INVESTIDORES EM GERAL
BRIO REAL ESTATE II - FUNDO DE INVESTIMENTO IMOBILIÁRIO,INVESTIDORES EM GERAL
PRIME 16 FUNDO DE INVESTIMENTO IMOBILIÁRIO,INVESTIDOR PROFISSIONAL
PRAIA DO CASTELO FUNDO DE INVESTIMENTO IMOBILIÁRIO,INVESTIDOR PROFISSIONAL
FUNDO DE INVESTIMENTO IMOBILIÁRIO KEYCASH,INVESTIDOR PROFISSIONAL
NF CAPITAL FUNDO DE INVESTIMENTO IMOBILIÁRIO,INVESTIDOR PROFISSIONAL
LOFT II FUNDO DE INVESTIMENTO IMOBILIARIO,INVESTIDOR QUALIFICADO
VINCI LOGÍSTICA FII,INVESTIDORES EM GERAL
XPCE RE FUNDO DE INVESTIMENTO IMOBILIÁRIO,INVESTIDOR PROFISSIONAL
KINEA INDICES DE PREÇOS FII,INVESTIDOR QUALIFICADO
IRON CAPITAL REAL ESTATE I-FUNDO DE INVESTIMENTO IMOBILIÁRIO,INVESTIDOR QUALIFICADO
FUNDO DE INVESTIMENTO IMOBILIÁRIO TG ATIVO REAL,INVESTIDORES EM GERAL
OURINVEST JPP FUNDO DE INVESTIMENTO IMOBILIÁRIO- FII,INVESTIDORES EM GERAL
GOLDEN WEST VX FUNDO DE INVESTIMENTO IMOBILIARIO,INVESTIDOR QUALIFICADO
WHITE BEAR FUNDO DE INVESTIMENTO IMOBILIÁRIO - FII,INVESTIDOR QUALIFICADO
FUNDO DE INVESTIMENTO IMOBILIARIO ANTILHAS,INVESTIDOR PROFISSIONAL
VIRACONDO FUNDO DE INVESTIMENTO IMOBILIARIO,INVESTIDOR QUALIFICADO
GENIAL MALLS FUNDO DE INVESTIMENTO IMOBILIÁRIO,INVESTIDORES EM GERAL
XP LOG FUNDO DE INVESTIMENTO IMOBILIÁRIO,INVESTIDORES EM GERAL
XPCE RE FII 2 - FUNDO DE INVESTIMENTO IMOBILIÁRIO,INVESTIDOR PROFISSIONAL
BRL VI FUNDO DE INVESTIMENTO IMOBILIÁRIO,INVESTIDOR QUALIFICADO
GGR COVEPI RENDA FUNDO DE INVESTIMENTO IMOBILIÁRIO,INVESTIDORES EM GERAL
DIAMANTE FUNDO DE INVESTIMENTO IMOBILIARIO,INVESTIDORES EM GERAL
JIVE ATIVOS IMOBILIÁRIOS II - FII,INVESTIDOR QUALIFICADO
TELLUS PROPERTIES FUNDO DE INVESTIMENTO IMOBILIÁRIO,INVESTIDORES EM GERAL
PANORAMA PROPERTIES FUNDO DE INVESTIMENTO IMOBILIÁRIO,INVESTIDOR QUALIFICADO
FII BRASIL LAND,INVESTIDOR PROFISSIONAL
FUNDO DE INVESTIMENTO IMOBILIÁRIO FUTURO,INVESTIDOR QUALIFICADO
TREECORP REAL ESTATE FUNDO DE INVESTIMENTO IMOBILIÁRIO - I,INVESTIDORES EM GERAL
FUNDO DE INVESTIMENTO IMOBILIÁRIO VOTORANTIM LOGÍSTICA,INVESTIDORES EM GERAL
FUNDO DE INVESTIMENTO IMOBILIÁRIO QUINTAS,INVESTIDOR QUALIFICADO
FUNDO DE INVESTIMENTO IMOBILIÁRIO COLATERAL,INVESTIDOR QUALIFICADO
HEDGE AAA FUNDO DE INVESTIMENTO IMOBILIÁRIO,INVESTIDORES EM GERAL
HEDGE LOGÍSTICA FUNDO DE INVESTIMENTO IMOBILIÁRIO,INVESTIDORES EM GERAL
FUNDO DE INVESTIMENTO IMOBILIARIO RBR ALPHA FUNDO DE FUNDOS,INVESTIDORES EM GERAL
FUNDO DE INVESTIMENTO IMOBILIÁRIO SUCCESPAR VAREJO,INVESTIDOR PROFISSIONAL
FUNDO DE INVESTIMENTO IMOBILIARIO HARMONIA,INVESTIDOR QUALIFICADO
TRADE INVEST CARE II FUNDO DE INVESTIMENTO IMOBILIÁRIO,INVESTIDOR PROFISSIONAL
FUNDO DE INVESTIMENTO IMOBILIÁRIO JAGUAR,INVESTIDORES EM GERAL
FUNDO DE INVESTIMENTO IMOBILIARIO MILLENIUM - FII,INVESTIDOR PROFISSIONAL
SJ AU LOGÍSTICA FUNDO DE INVESTIMENTO IMOBILIÁRIO,INVESTIDOR QUALIFICADO
GRUPO RCFA FUNDO DE INVESTIMENTO IMOBILIARIO,INVESTIDOR PROFISSIONAL
AIRPORT TOWN FUNDO DE INVESTIMENTO IMOBILIÁRIO - FII,INVESTIDOR QUALIFICADO
DEL MONTE FUNDO DE INVESTIMENTO IMOBILIÁRIO - FII,INVESTIDORES EM GERAL
FII REC RECEBÍVEIS IMOBILIÁRIOS,INVESTIDORES EM GERAL
SUNO AGRO FIAGRO-IMOBILIARIO - SUNO AGRO FII,INVESTIDORES EM GERAL
SICOOB AGÊNCIAS FUNDO DE INVESTIMENTO IMOBILIÁRIO,INVESTIDOR QUALIFICADO
SABUGAL FUNDO DE INVESTIMENTO IMOBILIÁRIO,INVESTIDOR QUALIFICADO
BASILICA PARTNERS LED COPORATE,INVESTIDOR QUALIFICADO
RIZA ARCTIUM REAL ESTATE FUNDO DE INVESTIMENTO IMOBILIARIO,INVESTIDORES EM GERAL
XP CRÉDITO IMOBILIÁRIO FII,INVESTIDORES EM GERAL
XP INDUSTRIAL FUNDO DE INVESTIMENTO IMOBILIÁRIO,INVESTIDORES EM GERAL
FUNDO DE INVESTIMENTO IMOB OURINVEST RENDA ESTRUTURADA,INVESTIDORES EM GERAL
TRX REAL ESTATE FUNDO DE INVESTIMENTO IMOBILIÁRIO - FII,INVESTIDORES EM GERAL
FUNDO DE INVESTIMENTO IMOBILIARIO - OURINVEST RE I,INVESTIDOR QUALIFICADO
FUNDO DE INVESTIMENTO IMOBILIÁRIO - VBI CRI,INVESTIDORES EM GERAL
ALIANZA TRUST RENDA IMOBILIARIA FII,INVESTIDORES EM GERAL
XP MALLS FUNDO DE INVESTIMENTO IMOBILIARIO - FII,INVESTIDORES EM GERAL
FII IRIDIUM RECEBIVEIS IMOBILIARIOS,INVESTIDORES EM GERAL
FII HOSPITAL UNIMED SUL CAPIXABA,INVESTIDORES EM GERAL
IMMOB I FUNDO DE INVESTIMENTO IMOBILIÁRIO - FII,INVESTIDOR PROFISSIONAL
FUNDO DE INVESTIMENTO IMOBILIARIOS HIRE PROPERTIES,INVESTIDOR QUALIFICADO
TOP CENTER II FUNDO DE INVESTIMENTO IMOBILIARIO,INVESTIDOR QUALIFICADO
PRAZO EDUCACIONAL - FII,INVESTIDOR QUALIFICADO
TRANCOSO - FUNDO DE INVESTIMENTO IMOBILIÁRIO - FII,INVESTIDOR QUALIFICADO
VBI RENDIMENTOS IMOBILIARIOS I FII,INVESTIDORES EM GERAL
RB CAPITAL TFO SITUS FUNDO DE INVESTIMENTO IMOBILIÁRIO - FII,INVESTIDOR QUALIFICADO
FII RBR RENDIMENTO HIGH GRADE,INVESTIDORES EM GERAL
PÁTRIA RENDA URBANA - FII - RESPONSABILIDADE LIMITADA,INVESTIDORES EM GERAL
VALORA CRI CDI FUNDO DE INVESTIMENTO IMOBILIARIO  FII,INVESTIDORES EM GERAL
HUSI FUNDO DE INVESTIMENTO IMOBILIÁRIO,INVESTIDOR QUALIFICADO
PATRIA EDIFICIOS CORPORATIVOS  FII,INVESTIDOR QUALIFICADO
FUNDO DE FUNDOS DE INVESTIMENTO IMOBILIÁRIO KINEA FII,INVESTIDORES EM GERAL
FUNDO DE INVESTIMENTO IMOBILIARIO NOVA IGUACU,INVESTIDOR PROFISSIONAL
KINEA HIGH YIELD CRI FUNDO DE INVESTIMENTO IMOBILIÁRIO FII,INVESTIDOR QUALIFICADO
FII RBR CRÉDITO IMOBILIÁRIO ESTRUTURADO,INVESTIDORES EM GERAL
FUNDO DE INVESTIMENTO IMOBILIÁRIO F2ZZ,INVESTIDOR QUALIFICADO
FII TORDESILHAS EMPREENDIMENTOS IMOBILIARIOS,INVESTIDORES EM GERAL
ENCONTRO DAS ÁGUAS II  - FUNDO DE INVESTIMENTO IMOBILIÁRIO,INVESTIDOR QUALIFICADO
LEGATUS SHOPPINGS FUNDO DE INVESTIMENTO IMOBILIARIO  FII,INVESTIDORES EM GERAL
HECTARE CE - FUNDO DE INVESTIMENTO IMOBILIÁRIO,INVESTIDORES EM GERAL
PRAZO FUNDO DE INVESTIMENTO IMOBILIÁRIO,INVESTIDOR QUALIFICADO
FUNDO DE INVESTIMENTO IMOBILIÁRIO CCPAR,INVESTIDOR QUALIFICADO
NE LOGISTIC FII,INVESTIDOR QUALIFICADO
BRC RENDA CORPORATIVA FUNDO DE INVESTIMENTO IMOBILIÁRIO,INVESTIDORES EM GERAL
FUNDO DE INVESTIMENTO IMOBILIÁRIO GV BLUE CHIP,INVESTIDOR QUALIFICADO
VX XII - FUNDO DE INVESTIMENTO IMOBILIÁRIO,INVESTIDOR QUALIFICADO
HABITAT RECEBÍVEIS PULVERIZADOS FII,INVESTIDORES EM GERAL
FUNDO DE INVESTIMENTO IMOBILIARIO - VBI LOGISTICO,INVESTIDORES EM GERAL
FUNDO DE INVESTIMENTO IMOBILIÁRIO BACURI,INVESTIDOR PROFISSIONAL
RIO BRAVO CRÉDITO IMOBILIÁRIO HIGH GRADE FII,INVESTIDORES EM GERAL
V2 PRIME PROPERTIES FUNDO DE INVESTIMENTO IMOBILIÁRIO - FII,INVESTIDORES EM GERAL
KINEA CO-INVESTIMENTO FUNDO DE INVESTIMENTO IMOBILIÁRIO,INVESTIDOR QUALIFICADO
VBI ULIVING FUNDO DE INVESTIMENTO IMOBILIÁRIO,INVESTIDOR QUALIFICADO
FII MULTI RENDA URBANA,INVESTIDORES EM GERAL
JPP CAPITAL RECEBÍVEIS IMOBILIÁRIOS,INVESTIDORES EM GERAL
FUNDO DE INVESTIMENTO IMOBILIÁRIO - FII VITACON,INVESTIDOR QUALIFICADO
GENESIS MULTIESTRATÉGIA FUNDO DE INVESTIMENTO IMOBILIÁRIO,INVESTIDOR QUALIFICADO
XP SELECTION FUNDO DE FUNDOS DE INVESTIMENTO IMOBILIARIO,INVESTIDORES EM GERAL
BFC FUNDO DE INVESTIMENTO IMOBILIÁRIO,INVESTIDOR PROFISSIONAL
HECTARE DESENVOLVIMENTO STUDENT HOUSING - FII,INVESTIDORES EM GERAL
RB CAPITAL DESENVOLVIMENTO RESIDENCIAL IV FII,INVESTIDORES EM GERAL
SÃO JORGE FUNDO DE INVESTIMENTO IMOBILIÁRIO,INVESTIDOR QUALIFICADO
EUROPA 105 - FUNDO DE INVESTIMENTO IMOBILIÁRIO,INVESTIDOR QUALIFICADO
MULTIOFFICES 2 - FUNDO DE INVESTIMENTO IMOBILIÁRIO,INVESTIDOR QUALIFICADO
ELEV BRÁS FUNDO DE INVESTIMENTO IMOBILIARIO,INVESTIDOR QUALIFICADO
PORTO PREMIUM FUNDO DE INVESTIMENTO IMOBILIARIO,INVESTIDORES EM GERAL
FUNDO DE INVESTIMENTO IMOBILIÁRIO ECOPARQUE,INVESTIDOR PROFISSIONAL
FUNDO DE INVESTIMENTO IMOBILIARIO MIRANTE DAS AGUAS,INVESTIDOR QUALIFICADO
AGRI8 - FUNDO DE INVESTIMENTO IMOBILIÁRIO,INVESTIDOR QUALIFICADO
FUNDO DE INVESTIMENTO IMOBILIÁRIO AMÉRICA LOGÍSTICA,INVESTIDORES EM GERAL
APOLLO CORPORATE FUNDO DE INVESTIMENTO IMOBILIARIO,INVESTIDOR PROFISSIONAL
JACARANDA I FII,INVESTIDOR QUALIFICADO
CAIXA RIO BRAVO FUNDO DE FII II,INVESTIDORES EM GERAL
HEDGE OFFICE INCOME FUNDO DE INVESTIMENTO IMOBILIÁRIO,INVESTIDORES EM GERAL
SBC FUNDO DE INVESTIMENTO IMOBILIÁRIO,INVESTIDOR PROFISSIONAL
PROLOGIS BRAZIL LOGISTICS VENTURE FII,INVESTIDOR PROFISSIONAL
BRESCO GROWTH FUNDO DE INVESTIMENTO IMOBILIÁRIO,INVESTIDOR PROFISSIONAL
OPEN K ATIVOS E RECEBIVEIS IMOBILIARIOS - FII,INVESTIDORES EM GERAL
CARTESIA RECEBIVEIS IMOB,INVESTIDORES EM GERAL
G5 ALLOCATION FUNDO DE INVESTIMENTO IMOBILIÁRIO,INVESTIDOR PROFISSIONAL
MB BI - FUNDO DE INVESTIMENTO IMOBILIÁRIO,INVESTIDOR QUALIFICADO
PRIME REAL ESTATE FUNDO DE INVESTIMENTO IMOBILIÁRIO,INVESTIDOR QUALIFICADO
FII REC RENDA IMOBILIÁRIA,INVESTIDORES EM GERAL
SNOWBIRD MASTER FUNDO DE INVESTIMENTO IMOBILIARIO,INVESTIDOR PROFISSIONAL
SNOWBIRD PARALELL FUNDO DE INVESTIMENTO IMOBILIARIO,INVESTIDOR PROFISSIONAL
VENETO FUNDO DE INVESTIMENTO IMOBILIARIO,INVESTIDOR QUALIFICADO
DALLAS - FUNDO DE INVESTIMENTO IMOBILIÁRIO,INVESTIDOR PROFISSIONAL
CMX REALTY III FUNDO DE INVESTIMENTO IMOBILIARIO,INVESTIDOR PROFISSIONAL
EVEN II KINEA FUNDO DE INVESTIMENTO IMOBILIÁRIO,INVESTIDOR QUALIFICADO
SERRA FUNDO DE INVESTIMENTO IMOBILIÁRIO,INVESTIDOR PROFISSIONAL
VECTIS JUROS REAL FUNDO DE INVESTIMENTO IMOBILIÁRIO - FII,INVESTIDORES EM GERAL
FII RBR DESENVOLVIMENTO III,INVESTIDOR QUALIFICADO
VIC DESENVOLVIMENTO - VINTAGE 20/21 FII,INVESTIDOR PROFISSIONAL
NEWPORT LOGISTICA FUNDO DE INVESTIMENTO IMOBILIÁRIO,INVESTIDORES EM GERAL
PLURAL RECEBÍVEIS IMOBILIÁRIOS FII,INVESTIDORES EM GERAL
M8 FUNDO DE INVESTIMENTO IMOBILIARIO MULTIESTRATEGIA,INVESTIDOR PROFISSIONAL
VBI AGRO - FUNDO DE INVESTIMENTO IMOBILIARIO,INVESTIDORES EM GERAL
PATRIA IMOBILIÁRIO FOF - FII - RESPONSABILIDADE LIMITADA,INVESTIDORES EM GERAL
HSI MALLS FUNDO DE INVESTIMENTO IMOBILIÁRIO,INVESTIDORES EM GERAL
SANTANDER PAPÉIS IMOBILIÁRIOS CDI FII,INVESTIDORES EM GERAL
HSI LOGÍSTICA FUNDO DE INVESTIMENTO IMOBILIÁRIO,INVESTIDORES EM GERAL
HSI LOG II FUNDO DE INVESTIMENTO IMOBILIÁRIO,INVESTIDOR QUALIFICADO
SANTANDER RENDA DE ALUGUÉIS FII,INVESTIDORES EM GERAL
FUNDO DE INVESTIMENTO IMOBILIARIO BTG PACTUAL SHOPPINGS,INVESTIDOR QUALIFICADO
FUNDO DE INVESTIMENTO IMOBILIÁRIO - AVM FII,INVESTIDOR QUALIFICADO
LOTEAR FUNDO DE INVESTIMENTO IMOBILIÁRIO,INVESTIDOR PROFISSIONAL
FRAM CAPITAL PENHA FUNDO DE INVESTIMENTO OMOBILIÁRIO,INVESTIDOR QUALIFICADO
FRAM CAPITAL TESSEN FUNDO DE INVESTIMENTO IMOBILIÁRIO,INVESTIDOR QUALIFICADO
AUREA EXTREMA LOGÍSTICA FUNDO DE INVESTIMENTO IMOBILIÁRIO,INVESTIDOR QUALIFICADO E PROFISSIONAL
INTRABANK FUNDO DE INVESTIMENTO IMOBILIÁRIO,INVESTIDORES EM GERAL
YORK - FUNDO DE INVESTIMENTO IMOBILIARIO,INVESTIDOR QUALIFICADO
FARIA LIMA CAPITAL RECEBÍVEIS IMOBILIÁRIOS I FII,INVESTIDOR QUALIFICADO
SÃO MIGUEL DOS MILAGRES FUNDO DE INVESTIMENTO IMOBILIARIO,INVESTIDORES EM GERAL
FII RB CAPITAL I FUNDO DE FUNDOS,INVESTIDORES EM GERAL
CAPITANIA REIT FOF - FUNDO DE INVESTIMENTO IMOBILIARIO,INVESTIDORES EM GERAL
FUNDO DE INVESTIMENTO IMOBILIÁRIO HOUSI,INVESTIDORES EM GERAL
BLUEMACAW LOGÍSTICA FUNDO INVESTIMENTO IMOBILIÁRIO,INVESTIDORES EM GERAL
G5 CIDADE NOVA FUNDO DE INVESTIMENTO IMOBILIÁRIO,INVESTIDOR QUALIFICADO
FUNDO DE INVESTIMENTO IMOBILIARIO - MOGNO HOTEIS,INVESTIDORES EM GERAL
VALORA CRI INDICE DE PRECO - FII,INVESTIDORES EM GERAL
URCA PRIME RENDA FUNDO DE INVESTIMENTO IMOBILIÁRIO - FII,INVESTIDORES EM GERAL
CF2 FUNDO DE INVESTIMENTO IMOBILIARIO,INVESTIDOR QUALIFICADO
HECTARE RECEBÍVEIS HIGH GRADE - FII,INVESTIDORES EM GERAL
FUNDO DE INVESTIMENTO IMOBILIÁRIO JAPURÁ,INVESTIDOR PROFISSIONAL
ARC FUNDO DE INVESTIMENTO IMOBILIÁRIO III - FII,INVESTIDOR QUALIFICADO
INTER LOGÍSTICO FUNDO DE INVESTIMENTO IMOBILIÁRIO - FII,INVESTIDORES EM GERAL
CAPITANIA HBC RENDA URBANA FUNDO DE INVESTIMENTO IMOBILIARIO,INVESTIDORES EM GERAL
IMMOB III FUNDO DE INVESTIMENTO IMOBILIÁRIO - FII,INVESTIDOR PROFISSIONAL
RBR DESENVOLVIMENTO COMERCIAL I - FII,INVESTIDOR QUALIFICADO
PERFORMA REAL ESTATE - FUNDO DE INVESTIMENTO IMOBILIÁRIO,INVESTIDOR PROFISSIONAL
INTER RESIDENCE FUNDO DE INVESTIMENTO IMOBILIÁRIO - FII,INVESTIDORES EM GERAL
TISHMAN SPEYER RENDA CORPORATIVA FII,INVESTIDORES EM GERAL
HIRE LOG I - FUNDO DE INVESTIMENTO IMOBILIÁRIO,INVESTIDOR QUALIFICADO
CIVITAS - FUNDO DE INVESTIMENTO IMOBILIÁRIO,INVESTIDOR QUALIFICADO
BRIO REAL ESTATE III FUNDO DE INVESTIMENTO IMOBILIÁRIO,INVESTIDORES EM GERAL
VBI OFFICE FUND II FII,INVESTIDORES EM GERAL
BRIX FUNDO DE INVESTIMENTO IMOBILIÁRIO,INVESTIDOR QUALIFICADO
HSI ATIVOS FINANCEIROS FUNDO DE INVESTIMENTO IMOBILIÁRIO,INVESTIDORES EM GERAL
LOTE M2 FUNDO DE INVESTIMENTO IMOBILIÁRIO,INVESTIDOR PROFISSIONAL
HEDGE RECEBÍVEIS IMOBILIÁRIOS FUNDO DE INVESTIMENTO IMOB,INVESTIDORES EM GERAL
VBI REITS FOF - FUNDO DE INVESTIMENTO IMOBILIÁRIO,INVESTIDOR QUALIFICADO
BARZEL CD1 FII RESPONSABILIDADE LIMITADA,INVESTIDORES EM GERAL
HEDGE SHOPPING PARQUE DOM PEDRO FII,INVESTIDORES EM GERAL
FUNDO DE INVESTIMENTO IMOBILIARIO  FII GOLDEN LOGISTICA,INVESTIDOR QUALIFICADO
FUNDO DE INVESTIMENTO IMOBILIARIO  VBI PRIME PROPERTIES,INVESTIDORES EM GERAL
FII RBR CREDITO IMOBILIARIO SPECIAL OPPORTUNITIES,INVESTIDOR QUALIFICADO
RB CAPITAL LOGISTICO FUNDO DE INVESTIMENTO IMOBILIARIO - FII,INVESTIDOR PROFISSIONAL
NAVI IMOBILIARIO TOTAL RETURN FII,INVESTIDORES EM GERAL
RAIZZ RENDA LOGISTICA FUNDO DE INVESTIMENTO IMOBILIARIO,INVESTIDOR QUALIFICADO
HEDGE PALADIN DESIGN OFFICES FUNDO DE INVESTIMENTO IMOB,INVESTIDOR QUALIFICADO
HEDGE SEED FUNDO DE INVESTIMENTO IMOBILIÁRIO,INVESTIDOR PROFISSIONAL
RBR DES COMERCIAL FEEDER FOF FII,INVESTIDOR PROFISSIONAL
RB CAPITAL RECEBÍVEIS IMOBILIÁRIOS FII,INVESTIDORES EM GERAL
MILETO - FUNDO DE INVESTIMENTO IMOBILIÁRIO,INVESTIDOR PROFISSIONAL
RBR LOG FUNDO DE INVESTIMENTO IMOBILIÁRIO,INVESTIDORES EM GERAL
JACARANDA 02 FUNDO DE INVESTIMENTO IMOBILIARIO FII,INVESTIDOR QUALIFICADO
CAPITAL RS FUNDO DE INVESTIMENTO IMOBILIARIO - FII,INVESTIDOR QUALIFICADO
CV HAUS - FUNDO DE INVESTIMENTO IMOBILIÁRIO - FII,INVESTIDOR QUALIFICADO
PÁTRIA LOGÍSTICA FUNDO DE INVESTIMENTO IMOBILIÁRIO,INVESTIDORES EM GERAL
XP EXETER DESENVOLVIMENTO LOGISTICO - FII,INVESTIDOR PROFISSIONAL
BRESCO COINVESTIMENTO I FUNDO DE INVESTIMENTO IMOBILIÁRIO,INVESTIDOR QUALIFICADO E PROFISSIONAL
ARCH  EDIFICIOS CORPORATIVOS FII,INVESTIDORES EM GERAL
JACARANDÁ FUNDO DE INVESTIMENTO IMOBILIÁRIO,INVESTIDOR PROFISSIONAL
GOLGI FUNDO DE INVESTIMENTO IMOBILIÁRIO,INVESTIDOR QUALIFICADO
JIVE ATIVOS IMOBILIÁRIOS III - FII,INVESTIDOR QUALIFICADO
ZION CAPITAL FUNDO DE INVESTIMENTO IMOBILIÁRIO - FII,INVESTIDORES EM GERAL
KINEA SECURITIES FUNDO DE INVESTIMENTO IMOBILIÁRIO - FII,INVESTIDORES EM GERAL
DARP JIVE FUNDO DE INVESTIMENTO IMOBILIÁRIO,INVESTIDOR QUALIFICADO
PLATINIUM XXI FUNDO DE INVESTIMENTO IMOBILIÁRIO,INVESTIDOR PROFISSIONAL
BTSP I FUNDO DE INVESTIMENTO IMOBILIÁRIO - FII,INVESTIDORES EM GERAL
VINCI FULWOOD DESENV LOGÍSTICO FUNDO DE INVEST IMOBILIÁRIO,INVESTIDOR QUALIFICADO
TELLUS DESENVOLVIMENTO LOGISTICO FII,INVESTIDORES EM GERAL
VERSALHES RECEBÍVEIS IMOBILIÁRIOS - FII,INVESTIDORES EM GERAL
PIEMONTE - FUNDO DE INVESTIMENTO IMOBILIÁRIO,INVESTIDOR QUALIFICADO
INTER TEVA ÍNDICE DE TIJOLO - FII,INVESTIDORES EM GERAL
POSITIVO III FUNDO DE INVESTIMENTO IMOBILIÁRIO - FII,INVESTIDOR PROFISSIONAL
INTER TEVA ÍNDICE DE PAPEL - FII,INVESTIDORES EM GERAL
TRX REAL ESTATE II FUNDO DE INVESTIMENTO IMOBILIÁRIO - FII,INVESTIDORES EM GERAL
TANTOU FII RESPONSABILIDADE LIMITADA.,INVESTIDOR PROFISSIONAL
YUCA FII,INVESTIDOR PROFISSIONAL
VINCI IMOVEIS URBANOS FUNDO DE INVESTIMENTO IMOBILIARIO,INVESTIDORES EM GERAL
FUNDO DE INVESTIMENTO IMOBILIÁRIO RIZA TERRAX,INVESTIDORES EM GERAL
FUNDO DE INVESTIMENTO IMOBILIÁRIO HBC RENDA URBANA,INVESTIDORES EM GERAL
JFL LIVING FUNDO DE INVESTIMENTO IMOBILIÁRIO,INVESTIDORES EM GERAL
GENIAL LOGÍSTICA FUNDO DE INVESTIMENTO IMOBILIÁRIO,INVESTIDORES EM GERAL
BARRA MALLS FUNDO DE INVESTIMENTO IMOBILIARIO,INVESTIDORES EM GERAL
CYRELA CRÉDITO - FUNDO DE INVESTIMENTO IMOBILIÁRIO,INVESTIDORES EM GERAL
LWTC FUNDO DE INVESTIMENTO IMOBILIÁRIO,INVESTIDOR PROFISSIONAL
RIO BRAVO RENDA RESIDENCIAL FII,INVESTIDORES EM GERAL
ALDEOTA FUNDO DE INVESTIMENTO IMOBILIÁRIO - FII,INVESTIDOR PROFISSIONAL
JBFO FOF FUNDO DE INVESTIMENTO IMOBILIÁRIO,INVESTIDOR QUALIFICADO
RIZA AKIN FUNDO DE INVESTIMENTO IMOBILIARIO FII,INVESTIDORES EM GERAL
FUNDO DE INVESTIMENTO IMOBILIARIO BTG PACTUAL AGRO LOGISTICA,INVESTIDORES EM GERAL
FUNDO DE INVESTIMENTO IMOBILIARIO FII RBR DESENVOLVIMENTO IV,INVESTIDOR QUALIFICADO
AF INVEST CRI FII,INVESTIDORES EM GERAL
BTG PACTUAL REAL ESTATE PRIME OPPORTUNITIES FII,INVESTIDOR PROFISSIONAL
MAUA CAPITAL REAL ESTATE FUNDO DE INVESTIMENTO IMOBILIARIO,INVESTIDORES EM GERAL
VÊNUS - FUNDO DE INVESTIMENTO IMOBILIÁRIO,INVESTIDORES EM GERAL
KILIMA FUNDO DE INV EM COTAS DE FII SUNO 30,INVESTIDOR QUALIFICADO
MEZANINO ESTRUTURADO FUNDO DE INVESTIMENTO IMOBILIARIO,INVESTIDOR QUALIFICADO
KRONOS FUNDO DE INVESTIMENTO IMOBILIARIO,INVESTIDOR PROFISSIONAL
STRUAN - FUNDO DE INVESTIMENTO IMOBILIÁRIO,INVESTIDORES EM GERAL
VALORA HEDGE,INVESTIDORES EM GERAL
R CAP 1810 FUNDO DE FUNDOS - FUNDO DE INVEST IMOBILIÁRIO,INVESTIDOR PROFISSIONAL
APOLLO 11 FUNDO DE INVESTIMENTO IMOBILIÁRIO,INVESTIDOR QUALIFICADO
RADOMA 16 FUNDO DE INVESTIMENTO IMOBILIÁRIO - FII,INVESTIDOR PROFISSIONAL
ABEL 33 FUNDO DE INVESTIMENTO IMOBILIÁRIO - FII,INVESTIDOR PROFISSIONAL
BTSP II FUNDO DE INVESTIMENTO IMOBILIÁRIO - FII,INVESTIDORES EM GERAL
ENERGY RESORT FUNDO DE INVESTIMENTO IMOBILIÁRIO,INVESTIDORES EM GERAL
GALAPAGOS RECEBÍVEIS DO AGRONEGÓCIO - FIAGRO - IMOBILIÁRIO,INVESTIDORES EM GERAL
DEVANT RECEBÍVEIS IMOBILIÁRIOS FII,INVESTIDORES EM GERAL
FII REC LOGISTICA,INVESTIDORES EM GERAL
BB FUNDO DE FUNDOS - FUNDO DE INVESTIMENTO IMOBILIÁRIO,INVESTIDORES EM GERAL
XP IDEA!ZARVOS FUNDO DE INVESTIMENTO IMOBILIÁRIO,INVESTIDOR QUALIFICADO E PROFISSIONAL
LAGO DA PEDRA - FUNDO DE INVESTIMENTO IMOBILIARIO,INVESTIDOR QUALIFICADO
ESTOQUE RJ FUNDO DE INVESTIMENTO IMOBILIÁRIO,INVESTIDOR QUALIFICADO
FUNDO DE INVESTIMENTO IMOBILIÁRIO GUARDIAN REAL ESTATE,INVESTIDOR QUALIFICADO
FBV KEYDEV FUNDO DE INVESTIMENTO IMOBILIÁRIO,INVESTIDOR QUALIFICADO
VÊNUS FUNDO DE INVESTIMENTO IMOBILIÁRIO - FII,INVESTIDORES EM GERAL
CENU FUNDO DE INVESTIMENTO IMOBILIÁRIO,INVESTIDORES EM GERAL
PANORAMA DESENVOLVIMENTO LOGÍSTICO FII,INVESTIDORES EM GERAL
RIO BRAVO CRÉDITO IMOBILIÁRIO HIGH YIELD FII,INVESTIDORES EM GERAL
PETTRA - FUNDO DE INVESTIMENTO IMOBILIÁRIO,INVESTIDOR PROFISSIONAL
CONTE BIANCAMANO FUNDO DE INVESTIMENTO IMOBILIARIO,INVESTIDOR QUALIFICADO
FII BLUE RECEBÍVEIS IMOBILIÁRIOS,INVESTIDORES EM GERAL
SERRA VERDE FUNDO DE INVESTIMENTO IMOBILIÁRIO,INVESTIDOR QUALIFICADO
ALIANZA DIGITAL REALTY FUNDO DE INVESTIMENTO IMOBILIARIO,INVESTIDOR QUALIFICADO
GALAPAGOS RECEBIVEIS IMOBILIARIOS FUNDO DE INV. IMOBILIARIO,INVESTIDORES EM GERAL
DAYCOVAL RE MULTIESTRATÈGIA FII RL,INVESTIDORES EM GERAL
FII BTG PACTUAL AAA CORPORATE OFFICE FUND,INVESTIDOR PROFISSIONAL
CVPAR FUNDO DE INVESTIMENTO IMOBILIARIO DE CRI,INVESTIDOR PROFISSIONAL
IMMOB V DESENVOLVIMENTO FUNDO DE INVESTIMENTO IMOBILIÁRIO,INVESTIDOR PROFISSIONAL
HGI CREDITOS IMOBILIARIOS FUNDO DE INVESTIMENTO IMOBILIARIO,INVESTIDORES EM GERAL
FUNDO DE INVESTIMENTO IMOBILIÁRIO ROOFTOP I,INVESTIDOR QUALIFICADO
IC LOTEAMENTOS E RECEBIVEIS FII,INVESTIDORES EM GERAL
FUNDO DE INVESTIMENTO IMOBILIÁRIO CAIXA IMÓVEIS CORPORATIVOS,INVESTIDORES EM GERAL
TELLUS HEALTHCARE & MIXED USE FEEDER FII,INVESTIDOR PROFISSIONAL
BRIO CRÉDITO ESTRUTURADO - FUNDO DE INVESTIMENTO IMOBILIÁRIO,INVESTIDOR PROFISSIONAL
F.I.I. HOSPITAL UNIMED CAMPINA GRANDE,INVESTIDORES EM GERAL
IBIZA FUNDO DE INVESTIMENTO IMOBILIÁRIO,INVESTIDOR QUALIFICADO
POMPEIA FUNDO DE INVESTIMENTO IMOBILIÁRIO,INVESTIDOR QUALIFICADO
BII VENTURA FUNDO DE INVESTIMENTO IMOBILIÁRIO - FII,INVESTIDOR QUALIFICADO
BASÍLICA PARTNERS MEDWELL,INVESTIDOR QUALIFICADO
TJK RENDA IMOBILIARIA FUNDO DE INVESTIMENTO IMOBILIARIO,INVESTIDORES EM GERAL
LIFE CAPITAL PARTNERS FUNDO DE INVESTIMENTOS IMOBILIÁRIOS,INVESTIDORES EM GERAL
FII - DEVANT FUNDO DE FUNDOS IMOBILIÁRIOS,INVESTIDORES EM GERAL
FUNDO DE INVESTIMENTO IMOBILIÁRIO STAR,INVESTIDOR QUALIFICADO
SUNO FUNDO DE FUNDOS DE INVESTIMENTO IMOBILIARIO,INVESTIDORES EM GERAL
FII MAUA CAPITAL DESENVOLVIMENTO URBANO,INVESTIDORES EM GERAL
FUNDO DE INVESTIMENTO IMOBILIARIO DE CRI INTEGRAL BREI,INVESTIDORES EM GERAL
ALIANZA ITACA DESENVOLVIMENTO FII,INVESTIDOR QUALIFICADO
ALIANZA CREDITO IMOBILIARIO FII,INVESTIDORES EM GERAL
NAVI CREDITO IMOBILIARIO - FII,INVESTIDORES EM GERAL
SUNO LOG FII,INVESTIDORES EM GERAL
VECTIS RENDA RESIDENCIAL FUNDO DE INVESTIMENTO IMOBILIÁRIO,INVESTIDORES EM GERAL
LOFT III FUNDO DE INVESTIMENTO IMOBILIARIO - FII,INVESTIDOR QUALIFICADO
BLUECAP DESENVOLVIMENTO LOGÍSTICO I FII,INVESTIDOR PROFISSIONAL
FII DESENVOLVIMENTO 1 MODALMAIS,INVESTIDOR QUALIFICADO
JAFFA FUNDO DE INVESTIMENTO IMOBILIÁRIO,INVESTIDOR QUALIFICADO
FUNDO DE INVESTIMENTO IMOBILIARIO  DEVELOPMENT V1,INVESTIDOR QUALIFICADO
FUNDO DE INVESTIMENTO IMOBILIÁRIO CAIXA AGENCIAS,INVESTIDORES EM GERAL
SUPREMO FUNDO DE INVESTIMENTO IMOBILIÁRIO,INVESTIDOR PROFISSIONAL
KIJANI ASATALA FIAGRO,INVESTIDORES EM GERAL
HIGH FUNDO DE INVESRIMENTO AGRO - FIAGRO - IMOBILIÁRIO,INVESTIDORES EM GERAL
GREEN LOG FUNDO DE INVESTIMENTO IMOBILIARIO,INVESTIDOR QUALIFICADO
FI NAS CAD PROD AGROINDUSTRIAIS RIZA FIAGRO IMOBILIÁRIO,INVESTIDORES EM GERAL
FLAMENGO FUNDO DE INVESTIMENTO IMOBILIARIO,INVESTIDOR PROFISSIONAL
ZAVIT REAL ESTATE FUND - FUNDO DE INVESTIMENTO IMOBILIÁRIO,INVESTIDORES EM GERAL
REAG LOGÍSTICA INDUSTRIAL FUNDO DE INVESTIMENTO,INVESTIDOR PROFISSIONAL
JASC RENDA VAREJO ESSENCIAL - FII,INVESTIDORES EM GERAL
GLOBAL APARTAMENTOS FUNDO DE INVESTIMENTO IMOBILIARIO,INVESTIDOR PROFISSIONAL
FII PANORAMA LAST MILE SBC,INVESTIDOR PROFISSIONAL
FRAM CAPITAL HELMER FUNDO DE INVESTIMENTO IMOBILIÁRIO,INVESTIDOR QUALIFICADO
BR7 SENADO FUNDO DE INVESTIMENTO IMOBILIÁRIO,INVESTIDOR QUALIFICADO
EQI RECEBIVEIS IMOBILIARIOS FUNDO DE INVESTIMENTO FII,INVESTIDORES EM GERAL
IRIDIUM FUNDO DE INVESTIMENTO IMOBILIARIO,INVESTIDORES EM GERAL
FII BTG PACTUAL TERRAS AGRICOLAS,INVESTIDORES EM GERAL
SUNO RECEBIVEIS IMOBILIARIOS FII,INVESTIDORES EM GERAL
CATUAI VBI TRIPLE A FUNDO DE INVESTIMENTO IMOBILIARIO,INVESTIDORES EM GERAL
ALIANZA URBAN HUB RENDA FUNDO DE INVESTIMENTO IMOBILIARIO,INVESTIDOR QUALIFICADO
EXES FUNDO DE INVESTIMENTO IMOBILIARIO,INVESTIDOR QUALIFICADO
FUNDO DE INVESTIMENTO IMOBILIARIO MAUA CAPITAL MPD,INVESTIDOR PROFISSIONAL
VALORA CRA - FIAGROIMOBILIARIO,INVESTIDORES EM GERAL
COSMIC - FUNDO DE INVESTIMENTO IMOBILIARIO,INVESTIDOR PROFISSIONAL
BRIO MULTIESTRATEGIA - FUNDO DE INVESTIMENTO IMOBILIARIO,INVESTIDORES EM GERAL
VINCI CREDIT SECURITIES FUNDO DE INVESTIMENTO IMOBILIARIO,INVESTIDORES EM GERAL
RBR PLUS MULTIESTRATEGIA REAL ESTATE FII,INVESTIDORES EM GERAL
FUNDO DE INV. IMOBILIARIO  LEBLON REALTY DESENVOLVIMENTO I,INVESTIDORES EM GERAL
FUNDO DE INVEST. IMOB. HOSPITAL INVESTCOOP NACIONAL,INVESTIDORES EM GERAL
FUNDO DE INVESTIMENTO IMOBILIARIO ROOFTOP II,INVESTIDOR QUALIFICADO
OURINVEST INNOVATION FIAGRO IMOBILIARIO,INVESTIDORES EM GERAL
BS2 ALLINVESTMENTS FUNDO DE INVESTIMENTO IMOBILIÁRIO,INVESTIDOR QUALIFICADO
TISHMAN SPEYER FII,INVESTIDOR QUALIFICADO
COXIM FUNDO DE INVESTIMENTO IMOBILIÁRIO,INVESTIDOR QUALIFICADO
ECOAGRO I,INVESTIDORES EM GERAL
FRONTEIRA MULTI FUNDO DE INVESTIMENTO IMOBILIÁRIO,INVESTIDORES EM GERAL
MARESIAS FUNDO DE INVESTIMENTO IMOBILIÁRIO,INVESTIDORES EM GERAL
MIRANTE REALTY RECEBIVEIS IMOBILIARIOS,INVESTIDOR PROFISSIONAL
WHG REAL ESTATE FII,INVESTIDOR QUALIFICADO E PROFISSIONAL
FII GUARDIAN MULTIESTRATÉGIA IMOBILIÁRIA I,INVESTIDORES EM GERAL
XPCA FIAGRO IMOB,INVESTIDORES EM GERAL
PLURAL BRB CRÉDITO AGRO - FIAGRO - IMOBILIÁRIO,INVESTIDORES EM GERAL
MOGNO RENDA URBANA FUNDO DE INVESTIMENTO IMOBILIARIO,INVESTIDORES EM GERAL
CF3 FUNDO DE INVESTIMENTO IMOBILIÁRIO,INVESTIDOR QUALIFICADO
CONTE ROSSO FUNDO DE INVESTIMENTO IMOBILIÁRIO,INVESTIDOR QUALIFICADO
RIO NEGRO FUNDO DE INVESTIMENTO IMOBILIÁRIO,INVESTIDOR QUALIFICADO
TARUMÃ FUNDO DE INVESTIMENTO IMOBILIÁRIO,INVESTIDOR QUALIFICADO
SATURNO FUNDO DE INVESTIMENTO IMOBILIARIO,INVESTIDOR QUALIFICADO
RDP LOG FUNDO DE INVESTIMENTO IMOBILIÁRIO,INVESTIDORES EM GERAL
CLD GUARULHOS - FUNDO DE INVESTIMENTO IMOBILIÁRIO - FII,INVESTIDORES EM GERAL
KINEA CRÉDITO AGRO FIAGRO-IMOBILIÁRIO,INVESTIDORES EM GERAL
LUCERNA FUNDO DE INVESTIMENTO IMOBILIÁRIOS,INVESTIDOR PROFISSIONAL
HIGH FUNDO DE INVESTIMENTO IMOBILIÁRIO,INVESTIDOR QUALIFICADO
FLORIANO FUNDO DE INVESTIMENTO IMOBILIÁRIO,INVESTIDOR PROFISSIONAL
BARZEL RETAIL FII  RESPONSABILIDADE LIMITADA,INVESTIDORES EM GERAL
BRASIS FUNDO DE INVESTIMENTO IMOBILIÁRIO,INVESTIDOR QUALIFICADO
EVORIS FUNDO DE INVESTIMENTO IMOBILIÁRIO,INVESTIDOR PROFISSIONAL
ANGRA FUNDO DE INVESTIMENTO IMOBILIÁRIO,INVESTIDOR PROFISSIONAL
VBI RENDA PREFERENCIAL FII,INVESTIDOR PROFISSIONAL
VINCI OPORTUNIDADE RESIDENCIAL FII R LTDA,INVESTIDOR PROFISSIONAL
BARZEL BLP FII RESPONSABILIDADE LIMITADA,INVESTIDORES EM GERAL
INSTANT RENDA URBANA FUNDO DE INVESTIMENTO IMOBILIÁRIO,INVESTIDOR QUALIFICADO
FUNDO DE INVESTIMENTO IMOBILIÁRIO CAIXA CARTEIRA IMOBILIÁRIA,INVESTIDORES EM GERAL
JS ATIVOS FINANCEIROS FUNDO DE INVESTIMENTO IMOBILIÁRIO,INVESTIDORES EM GERAL
TELLUS DESENVOLVIMENTO RESIDENCIAL FII,INVESTIDOR PROFISSIONAL
OPPORTUNITY BALASSIANO FUNDO DE INVESTIMENTO IMOBILIÁRIO,INVESTIDOR QUALIFICADO
KILIMA VOLKANO REC IMOBILIARIOS FII,INVESTIDOR PROFISSIONAL
FUNDO DE INVESTIMENTO NAS CADEIAS PRODUTIVAS AGROINDUSTRIAIS,INVESTIDORES EM GERAL
PORT2 FUNDO DE INVESTIMENTO IMOBILIARIO,INVESTIDOR PROFISSIONAL
NAVI RESIDENCIAL FUNDO DE INVESTIMENTO IMOBILIÁRIO,INVESTIDORES EM GERAL
XP EXETER II DESENVOLVIMENTO LOGISTICO FII,INVESTIDOR PROFISSIONAL
ITAÚ ASSET RURAL FIAGRO - IMOBILIÁRIO,INVESTIDORES EM GERAL
KINEA CREDITAS FUNDO DE INVESTIMENTO IMOBILIÁRIO - FII,INVESTIDORES EM GERAL
VECTIS DATAGRO CRÉD AGRONEGÓCIO FI NAS CADEIAS PROD AGRO IMO,INVESTIDORES EM GERAL
RBR PREMIUM RECEBÍVEIS IMOB FUNDO INVESTIMENTO IMOBILIÁRIO,INVESTIDORES EM GERAL
BRAY REAL ESTATE FUNDO DE INVESTIMENTO IMOBILIARIO,INVESTIDOR PROFISSIONAL
ARAGUAIA FII RESP LIMT,INVESTIDOR PROFISSIONAL
FYTO RECEBIVEIS DO AGRONEGOCIO - FIAGRO IMOBILIARIO,INVESTIDORES EM GERAL
FUNDO DE INSVESTIMENTO IMOBILIARIO PRIME OFFICES III,INVESTIDOR QUALIFICADO
FUNDO DE INVESTIMENTO IMOBILIARIO  BRICK 80,INVESTIDOR PROFISSIONAL
CAPITANIA AGRO STRATEGIES - FIAGRO-IMOBILIARIO,INVESTIDORES EM GERAL
SPECIALE REAL ESTATE DEVELOPMENT FII,INVESTIDOR PROFISSIONAL
BB FUNDO DE INVESTIMENTO DE CRÉDITO FIAGRO-IMOBILIÁRIO,INVESTIDORES EM GERAL
LESTE FI NAS CAD PROD AGROINDUSTRIAIS - FIAGRO - IMOBILIÁRIO,INVESTIDOR PROFISSIONAL
PGP FUNDO DE INVESTIMENTO IMOBILIÁRIO - FII,INVESTIDOR QUALIFICADO
FUNDO DE INVESTIMENTO IMOBILIARIO BIG BOX,INVESTIDORES EM GERAL
WITEX FUNDO DE INVESTIMENTO IMOBILIÁRIO,INVESTIDOR PROFISSIONAL
INTER AMERRA - FIAGRO - IMOBILIÁRIO,INVESTIDORES EM GERAL
KINEA PREMIUM PROPERTIES FUNDO DE INVESTIMENTO IMOBILIÁRIO,INVESTIDORES EM GERAL
ITAÚ TEMPUS FUNDO DE INVESTIMENTO IMOBILIÁRIO,INVESTIDORES EM GERAL
KINEA HEDGE FUND FUNDO DE INVESTIMENTO IMOBILIÁRIO,INVESTIDORES EM GERAL
KINEA UNIQUE HY CDI FUNDO DE INVESTIMENTO IMOBILIÁRIO,INVESTIDORES EM GERAL
FII HIRE RESIDENCIAL I - FUNDO DE INVESTIMENTO IMOBILIÁRIO,INVESTIDORES EM GERAL
BARZEL SP FII RESPONSABILIDADE LIMITADA,INVESTIDORES EM GERAL
JACARANDÁ 03 FUNDO DE INVESTIMENTO IMOBILIÁRIO - FII,INVESTIDOR QUALIFICADO
BRIO REAL ESTATE IV - FUNDO DE INVESTIMENTO IMOBILIÁRIO,INVESTIDOR PROFISSIONAL
JGP CRÉDITO - FIAGRO - IMOBILIÁRIO,INVESTIDORES EM GERAL
DEVANT FIAGRO-IMOBILIÁRIO,INVESTIDOR PROFISSIONAL
MANATÍ CAPITAL HEDGE FUND FII,INVESTIDOR PROFISSIONAL
DEVANT PROPERTIES FUNDO DE INVESTIMENTO IMOBILIÁRIO,INVESTIDORES EM GERAL
GHIA DESENVOLVIMENTO FUNDO DE INVESTIMENTO IMOBILIÁRIO,INVESTIDOR PROFISSIONAL
BTG PACTUAL CREDITO PARA INCORPORACAO  FII,INVESTIDORES EM GERAL
FII MAUA PROPRIEDADES PARA INVESTIMENTO,INVESTIDOR PROFISSIONAL
RBR MALLS FUNDO DE INVESTIMENTO IMOBILIARIO,INVESTIDOR PROFISSIONAL
FUNDO DE INVESTIMENTO IMOBILIARIO APEX MALLS FII,INVESTIDOR PROFISSIONAL
FUNDO DE INVESTIMENTO IMOBILIARIO SPX SYN MULTIESTRATEGIA,INVESTIDORES EM GERAL
CYRELA DESENVOLVIMENTO LOGISTICO FII,INVESTIDOR QUALIFICADO
CANUMA CAPITAL MULTIESTRATEGIA FII,INVESTIDORES EM GERAL
FUNDO DE INVESTIMENTO IMOBILIARIO NM KSM LOG,INVESTIDOR QUALIFICADO
FII MEIRINGEN FUNDO DE INVESTIMENTO IMOBILIÁRIO,INVESTIDOR PROFISSIONAL
DJF JIVE PROPERTIES FII FUNDO DE INVESTIMENTO IMOBILIÁRIO,INVESTIDOR PROFISSIONAL
WARREN SECURITIES FUNDO DE INVESTIMENTO IMOBILIÁRIO - FII,INVESTIDORES EM GERAL
PRIME HOTELS FUNDO DE INVESTIMENTO IMOBILIÁRIO,INVESTIDOR QUALIFICADO
REAL ESTATE TRANCOSO II FII - CLASSE A,INVESTIDOR PROFISSIONAL
FUNDO DE INVESTIMENTO IMOBILIARIO - FII BIOTIC,INVESTIDOR QUALIFICADO
MODULO RENDA CORPORATIVA FII,INVESTIDORES EM GERAL
GRANBRAVA FUNDO DE INVESTIMENTO IMOBILIÁRIO - RL,INVESTIDOR PROFISSIONAL
BARZEL CEA FII RESPONSABILIDADE LIMITADA,INVESTIDORES EM GERAL
LAGUNA FUNDO DE INVESTIMENTO IMOBILIÁRIO - FII,INVESTIDOR PROFISSIONAL
AZURITA FUNDO DE INVESTIMENTO IMOBILIÁRIO,INVESTIDOR PROFISSIONAL
KOMBI AZUL FUNDO DE INVESTIMENTO IMOBILIÁRIO,INVESTIDOR QUALIFICADO
WHG FINVEST SP REALTY FII,INVESTIDOR QUALIFICADO
FUNDO DE INVESTIMENTO IMOBILIÁRIO SUNO ENERGIAS LIMPAS,INVESTIDORES EM GERAL
XP CRÉDITO AGRO FII,INVESTIDORES EM GERAL
MAUÁ CAPITAL FII,INVESTIDORES EM GERAL
JGP CRÉDITO AGRO FII,INVESTIDORES EM GERAL
NOVO CAMPO FUNDO DE INVESTIMENTO IMOBILIÁRIO - FII,INVESTIDOR PROFISSIONAL
BRC II FUNDO DE INVESTIMENTO IMOBILIÁRIO,INVESTIDORES EM GERAL
JK 1455 FUNDO DE INVESTIMENTO IMOBILIÁRIO - FII,INVESTIDOR QUALIFICADO
MS FUNDO DE INVESTIMENTO IMOBILIÁRIO - FII,INVESTIDOR QUALIFICADO
VT TOWER FUNDO DE INVESTIMENTO IMOBILIÁRIO - FII,INVESTIDOR QUALIFICADO
FL SQUARE FUNDO DE INVESTIMENTO IMOBILIÁRIO - FII,INVESTIDOR PROFISSIONAL
PDC FUNDO DE INVESTIMENTO IMOBILIÁRIO - FII,INVESTIDOR QUALIFICADO
TNU FUNDO DE INVESTIMENTO IMOBILIÁRIO - FII,INVESTIDOR QUALIFICADO
VIC DESENVOLVIMENTO VINTAGE 22/23 FII,INVESTIDOR PROFISSIONAL
FI NAS CADEIAS PRODUTIVAS AGROINDUSTRIAIS EXES ARAGUAIA,INVESTIDORES EM GERAL
FLFC FUNDO DE INVESTIMENTO IMOBILIÁRIO - FII,INVESTIDOR PROFISSIONAL
PDC II FUNDO DE INVESTIMENTO IMOBILIÁRIO - FII,INVESTIDOR QUALIFICADO
TRX HEDGE FII,INVESTIDORES EM GERAL
TORINO FII RESPONSABILIDADE LIMITADA,INVESTIDOR PROFISSIONAL
BRM FUNDO DE INVESTIMENTO IMOBILIARIO,INVESTIDOR QUALIFICADO E PROFISSIONAL
SFI INVESTIMENTOS DO AGRONEGÓCIO - FIAGRO-IMOBILIÁRIO,INVESTIDOR PROFISSIONAL
BARRA FUNDO DE INVESTIMENTO IMOBILIARIO,INVESTIDOR QUALIFICADO
FII JIVE PROPERTIES III FII,INVESTIDOR QUALIFICADO
JIVE PROPERTIES MULTIESTRATEGIA FII,INVESTIDOR PROFISSIONAL
HEDGE DESENVOLVIMENTO LOGÍSTICO FII,INVESTIDOR QUALIFICADO
ARX DOVER RECEBÍVEIS FUNDO DE INVESTIMENTO IMOBILIÁRIO,INVESTIDORES EM GERAL
FOCO FUNDO DE INVESTIMENTO IMOBILIARIO,INVESTIDOR QUALIFICADO
ASSET BANK - FUNDO DE INVESTIMENTO IMOBILIÁRIO,INVESTIDOR PROFISSIONAL
VINCI CRÉDITO AGRO FIAGRO-IMOBILIÁRIO,INVESTIDOR PROFISSIONAL
FII TG REAL ESTATE,INVESTIDORES EM GERAL
REAL INVESTOR FUNDO DE INVESTIMENTO IMOBILIARIO,INVESTIDORES EM GERAL
FII TG RENDA IMOBILIÁRIA,INVESTIDOR QUALIFICADO
XP 051 FIAGRO,INVESTIDOR PROFISSIONAL
AZ QUEST SOLE FII AGRO,INVESTIDOR PROFISSIONAL
BRM FUNDO DE INVESTIMENTO IMOBILIARIO II,INVESTIDOR PROFISSIONAL
TAG OCEANUS FUNDO DE INVESTIMENTO IMOBILIARIO,INVESTIDOR QUALIFICADO E PROFISSIONAL
AROEIRA 333 RENDA LOGÍSTICA FII,INVESTIDORES EM GERAL
OCTO FUNDO DE INVESTIMENTO IMOBILIÁRIO,INVESTIDOR PROFISSIONAL
MAHOGANY MULTIESTRATÉGIA FUNDO DE INVESTIMENTO IMOBILIÁRIO,INVESTIDOR PROFISSIONAL
FUNDO DE INVESTIMENTO IMOBILIÁRIO ALUMIE,INVESTIDOR PROFISSIONAL
LBV FUNDO DE INVESTIMENTO IMOBILIÁRIO,INVESTIDOR QUALIFICADO
REAG RECEBÍVEIS IMOBILIÁRIOS FII,INVESTIDOR PROFISSIONAL
MOGNO LOGÍSTICA FUNDO DE INVESTIMENTO IMOBILIARIO,INVESTIDOR QUALIFICADO
HIGH END REAL ESTATE FUNDO DE INVESTIMENTO IMOBILIÁRIO,INVESTIDOR PROFISSIONAL
ARTEMIS 2022 FUNDO DE INVESTIMENTO IMOBILIÁRIO,INVESTIDOR QUALIFICADO
BSB PA FUNDO DE INVESTIMENTO IMOBILIÁRIO - FII,INVESTIDOR QUALIFICADO
CTN FUNDO DE INVESTIMENTO IMOBILIÁRIO - FII,INVESTIDOR QUALIFICADO
FUNDO DE INVESTIMENTO IMOBILIÁRIO JK B - FII,INVESTIDOR QUALIFICADO
MCH TOWER FUNDO DE INVESTIMENTO IMOBILIÁRIO - FII,INVESTIDOR QUALIFICADO
ALPH TOWER FUNDO DE INVESTIMENTO IMOBILIÁRIO - FII,INVESTIDOR QUALIFICADO
PLANTA DESENVOLVIMENTO URBANO & RETROFIT FII,INVESTIDOR QUALIFICADO
PAN PARK FUNDO DE INVESTIMENTO IMOBILIÁRIO - FII,INVESTIDOR QUALIFICADO
GAZIN FUNO DE INVESTIMENTO IMOBILIÁRIO - FII,INVESTIDOR PROFISSIONAL
CANAÃ FI NAS CADEIAS PRODUTIVAS AGROINDUSTRIAIS - FIAGRO,INVESTIDOR PROFISSIONAL
DAYCOVAL RETROFITS I FUNDO DE INVESTIMENTO IMOBILIARIO FII,INVESTIDOR QUALIFICADO
ZAGROS MULTIESTRATEGIA FUNDO DE INVESTIMENTO IMOBILIARIO,INVESTIDOR QUALIFICADO
TELLUS MULTIESTRATEGIA  FII,INVESTIDOR QUALIFICADO
EMPIRICA RECEBIVEIS IMOBILIARIOS FII,INVESTIDOR QUALIFICADO
BTG PACTUAL REAL ESTATE HEDGE FUND FII - FII RESP. LIMITADA,INVESTIDORES EM GERAL
FUNDO DE INVESTIMENTO IMOBILIARIO - BRICK 104,INVESTIDOR PROFISSIONAL
POXIM FUNDO DE INVESTIMENTO IMOBILIARIO,INVESTIDOR PROFISSIONAL
FII VBI CRÉDITO ALOCAÇÃO ESTRATÉGICA,INVESTIDORES EM GERAL
RIZA EOS FIAGRO FII,INVESTIDOR QUALIFICADO
FUNDO DE INVESTIMENTO IMOBILIÁRIO JK B II - FII,INVESTIDOR QUALIFICADO
PDC III FUNDO DE INVESTIMENTO IMOBILIÁRIO - FII,INVESTIDOR QUALIFICADO
G5 EMPREENDIMENTO IMOBILIÁRIO FII,INVESTIDOR QUALIFICADO
BRC III DESENVOLVIMENTO FUNDO DE INVESTIMENTO IMOBILIÁRIO,INVESTIDORES EM GERAL
FOREMAN FUNDO DE INVESTIMENTO IMOBILIÁRIO,INVESTIDOR QUALIFICADO
MERITO M01 FII,INVESTIDORES EM GERAL
MERITO CEMITERIOS FII,INVESTIDORES EM GERAL
PANORAMA REAL ESTATE CREDITO FII,INVESTIDOR PROFISSIONAL
GALAPAGOS SPECIAL OPORTUNITIES FII,INVESTIDORES EM GERAL
VALORA CRI INFRA FII,INVESTIDOR PROFISSIONAL
FII SULAMÉRICA REAL ESTATE,INVESTIDOR QUALIFICADO
NAVI HEDGE FII,INVESTIDORES EM GERAL
SPECIALE BLUE REAL ASSET FUNDO DE INVESTIMENTO IMOBILIÁRIO,INVESTIDOR QUALIFICADO E PROFISSIONAL
CONSORCIO DO EMPREENDIMENTO NCPFI-RJ FII,INVESTIDOR PROFISSIONAL
PEDRA ALTA FUNDO DE INVESTIMENTO IMOBILIÁRIO,INVESTIDOR PROFISSIONAL
JAI IV - FUNDO DE INVESTIMENTO IMOBILIÁRIO,INVESTIDOR PROFISSIONAL
FUNDO DE INVESTIMENTO IMOBILIARIO EM ATIVOS DE SAUDE - SAUD,INVESTIDORES EM GERAL
REAL ESTATE SPECIAL SITUATIONS I FII,INVESTIDOR PROFISSIONAL
REAG RENDA URBANA FUNDO DE INVESTIMENTO IMOBILIÁRIO,INVESTIDOR QUALIFICADO
PROPP I FUNDO DE INVESTIMENTO IMOBILIÁRIO - FII,INVESTIDOR PROFISSIONAL
GREENWICH FIAGRO - IMOBILIÁRIO,INVESTIDORES EM GERAL
FG DEVELOPER INVESTIMENTOS FUNDO DE INVESTIMENTO IMOBILIÁRIO,INVESTIDOR PROFISSIONAL
VENETO I FUNDO DE INVESTIMENTO IMOBILIÁRIO,INVESTIDOR PROFISSIONAL
SINAI PRIME FUNDO DE INVESTIMENTO IMOB CLASSE ÚNICA,INVESTIDOR PROFISSIONAL
CAPITANIA SHOPPINGS FUNDO DE INVESTIMENTO IMOBILIARIO,INVESTIDORES EM GERAL
CIX ITAPURANGA FUNDO DE INVESTIMENTO IMOBILIÁRIO,INVESTIDOR QUALIFICADO
CIX PONTA NEGRA FUNDO DE INVESTIMENTO IMOBILIÁRIO,INVESTIDOR PROFISSIONAL
CIX MUIRAQUITAN FUNDO DE INVESTIMENTO IMOBILIÁRIO,INVESTIDOR QUALIFICADO
051 AGRO FAZENDAS II FIAGRO,INVESTIDOR PROFISSIONAL
SPARTA FIAGRO - IMOBILIARIO,INVESTIDORES EM GERAL
CARFAN FUNDO DE INVESTIMENTO IMOBILIÁRIO,INVESTIDOR PROFISSIONAL
CAPITANIA OFFICE FII - FUNDO DE INVESTIMENTO IMOBILIARIO,INVESTIDORES EM GERAL
BRK DESENVOLVIMENTO IMOBILIARIO FII,INVESTIDOR PROFISSIONAL
BRYGGEN FUNDO DE INVESTIMENTO IMOBILIARIO,INVESTIDOR PROFISSIONAL
GRIFFIN FUNDO DE INVESTIMENTO IMOBILIÁRIO,INVESTIDOR PROFISSIONAL
FUNDO DE INVESTIMENTO IMOBILIÁRIO GRAND PLAZA II,INVESTIDOR PROFISSIONAL
FRATIX FUNDO DE INVESTIMENTO IMOBILIÁRIO - FII,INVESTIDOR PROFISSIONAL
MENESCAL FUNDO DE INVESTIMENTO IMOBILIÁRIO - FII,INVESTIDOR PROFISSIONAL
BRPR CORPORATE OFFICES FUNDO DE INVESTIMENTO IMOBILIARIO,INVESTIDORES EM GERAL
PINHEIROS FUNDO DE INVESTIMENTO IMOBILIÁRIO - FII,INVESTIDOR PROFISSIONAL
CLAVE INDICES DE PRECOS FUNDO DE INVESTIMENTO IMOBILIARIO,INVESTIDORES EM GERAL
XPCE HIGH YIELD FII,INVESTIDOR PROFISSIONAL
ID GOIANA FUNDO DE INVESTIMENTO FIAGRO IMOBILIÁRIO,INVESTIDOR PROFISSIONAL
OPQ FUNDO IMOBILIARIO FII,INVESTIDOR QUALIFICADO
V2 RENDA IMOBILIARIA FUNDO DE INVESTIMENTO IMOBILIARIO - FII,INVESTIDORES EM GERAL
NOAD LIFETIME RECEBÍVEIS IMOBILIÁRIOS FII,INVESTIDOR PROFISSIONAL
FII LAV SLDZ DESENVOLVIMENTO IMOBILIARIO,INVESTIDOR PROFISSIONAL
051 AGRO FAZENDAS III FIAGRO,INVESTIDOR PROFISSIONAL
FUNDO DE INVESTIMENTO IMOBILIÁRIO - FATOR RENDA ESTRUTURADA,INVESTIDOR QUALIFICADO
BLUECAP LOG FUNDO DE INVESTIMENTO IMOBILIÁRIO,INVESTIDORES EM GERAL
AGILE INVESTE FUNDO DE INVESTIMENTO IMOBILIÁRIO,INVESTIDOR PROFISSIONAL
TEN DESENVOLVIMENTO FUNDO DE INVESTIMENTO IMOBILIÁRIO,INVESTIDOR PROFISSIONAL
CAPITÂNIA FIAGRO,INVESTIDORES EM GERAL
AZ QUEST LUNA  FIAGRO IMOBILIÁRIO,INVESTIDORES EM GERAL
CL GUARULHOS II - FUNDO DE INVESTIMENTO IMOBILIARIO - FII,INVESTIDORES EM GERAL
MANATÍ RECEBÍVEIS ESTRUTURADOS FII,INVESTIDORES EM GERAL
STONEX MB CREDITO AGRO FIAGRO - IMOBILIARIO,INVESTIDOR PROFISSIONAL
TERRA RICA FUNDO DE INVESTIMENTO IMOBILIÁRIO,INVESTIDOR PROFISSIONAL
RANCH FUNDO DE INVESTIMENTO IMOBILIÁRIO,INVESTIDOR QUALIFICADO
FII TERRENO QUINTAS GLOBAIS,INVESTIDOR PROFISSIONAL
ALDEOTA RENDA IMOBILIÁRIA FII - FII,INVESTIDOR PROFISSIONAL
SPECIALE REAL ESTATE FUND OF FUNDS FII,INVESTIDOR PROFISSIONAL
CAPITANIA FII,INVESTIDORES EM GERAL
VALORA PREMIUM - FII,INVESTIDORES EM GERAL
MAYA FUNDO DE INVESTIMENTO IMOBILIÁRIO,INVESTIDOR PROFISSIONAL
DEMETER FI NAS CADEIAS PRODUTIVAS AGROINDUSTRIAIS FIAGRO,INVESTIDOR PROFISSIONAL
ROHT FUNDO DE INVESTIMENTO IMOBILIÁRIO RL,INVESTIDOR QUALIFICADO
FII RBR OPORTUNIDADES EM CREDITO IMOBILIARIO,INVESTIDORES EM GERAL
REAG AUCTION OPPORTUNITIES FUNDO DE INVESTIMENTO IMOBILIÁRIO,INVESTIDOR QUALIFICADO
XP HABITAT FII,INVESTIDORES EM GERAL
FUNDO DE INVESTIMENTO IMOBILIÁRIO DE UNIDADES AUTÔNOMAS III,INVESTIDOR PROFISSIONAL
INVISTA SCJ FII,INVESTIDOR PROFISSIONAL
BTG PACTUAL LOGCP FUNDO DE INVESTIMENTO IMOBILIARIO  FII,INVESTIDORES EM GERAL
BARZEL RETAIL II FII RESPONSABILIDADE LIMITADA,INVESTIDOR PROFISSIONAL
FII MULTIESTRATEGIA SANTA CATARINA - FII,INVESTIDOR QUALIFICADO
DJF IV JIVE FUNDO DE INVESTIMENTO IMOBILIÁRIO,INVESTIDOR PROFISSIONAL
PANORAMA CRÉDITO RESIDENCIAL FII,INVESTIDORES EM GERAL
BARZEL LOG FII RESPONSABILIDADE LIMITADA,INVESTIDOR PROFISSIONAL
IMMOBINVEST FUNDO DE INVESTIMENTO IMOBILIÁRIO,INVESTIDOR QUALIFICADO
JHSF CAPITAL CIDADE JARDIM - FII,INVESTIDOR PROFISSIONAL
FII DO CAMPREV PARA SUSTENTABILIDADE PREV. DO MUNICIPIO,INVESTIDOR QUALIFICADO
FOF JHSF PRIVATE  FUNDO DE INVESTIMENTO IMOBILIARIO,INVESTIDOR PROFISSIONAL
FOF JHSF CAPITAL INSTITUCIONAL - FII,INVESTIDOR PROFISSIONAL
RIZA DOMUS FII,INVESTIDORES EM GERAL
VBI TR FARIA LIMA 4440 FUNDO DE INVESTIMENTO IMOBILIÁRIO,INVESTIDOR QUALIFICADO
ARC IV FUNDO DE INVESTIMENTO IMOBILIÁRIO,INVESTIDOR QUALIFICADO
PIEMONTESE FII RESPONSABILIDADE LIMITADA,INVESTIDOR QUALIFICADO
GREY EAGLE FUNDO DE INVESTIMENTO IMOBILIARIO,INVESTIDORES EM GERAL
BLACK BRIDGE FUNDO DE INVESTIMENTO IMOBILIÁRIO,INVESTIDORES EM GERAL
BASSANO DI GRAPPO FII,INVESTIDOR PROFISSIONAL
HOP FUNDO DE INVESTIMENTO IMOBILIARIO,INVESTIDORES EM GERAL
MORE CREDITO IMOBILIARIO FII,INVESTIDORES EM GERAL
MINESOTTA FUNDO DE INVESTIMENTO IMOBILIÁRIO,INVESTIDORES EM GERAL
ITAÚ CRÉDITO IMOBILIÁRIO IPCA FII,INVESTIDORES EM GERAL
LEGATUM FUNDO DE INVESTIMENTO IMOBILIÁRIO RL,INVESTIDOR PROFISSIONAL
THOR FUNDO DE INVESTIMENTO IMOBILIÁRIO,INVESTIDOR PROFISSIONAL
MOEMA FII DE RESP. LIMITADA,INVESTIDOR PROFISSIONAL
FUNDO DE INVESTIMENTO IMOBILIÁRIO ENSEADA,INVESTIDOR PROFISSIONAL
FII XP GRUPO CARNAÚBA,INVESTIDORES EM GERAL
HEDGE YEES HABITAÇÕES ECONÔMICAS FII DE RESP LIM,INVESTIDORES EM GERAL
CERRO VERDE FUNDO DE INVESTIMENTO IMOBILIÁRIO,INVESTIDOR QUALIFICADO
FUNDO DE INVESTIMENTO IMOBILIÁRIO VANCOUVER,INVESTIDORES EM GERAL
BLUECAP LAST MILE I FII RESP LTDA,INVESTIDORES EM GERAL
FUNDO DE INVESTIMENTO IMOBILIÁRIO TORONTO,INVESTIDORES EM GERAL
AJ MALLS FII,INVESTIDORES EM GERAL
KINEA OPORTUNIDADES AGRO I FIAGRO IMOBILIÁRIO,INVESTIDOR QUALIFICADO
DELTA FUNDO DE INVESTIMENTO IMOBILIÁRIO,INVESTIDORES EM GERAL
PÁTRIA CRÉDITO AGRO FIAGRO-IMOBILIÁRIO,INVESTIDORES EM GERAL
CYRELA HEDGE FUND FUNDO DE INVESTIMENTO IMOBILIÁRIO - FII,INVESTIDORES EM GERAL
KINEA AGRO INCOME USD FIAGRO IMOBILIARIO,INVESTIDORES EM GERAL
SANTANDER PAPEIS IMOBILIARIOS FII,INVESTIDORES EM GERAL
VALORA HEDGE FUND FIAGRO FII,INVESTIDORES EM GERAL
AZ QUEST PANORAMA CRÉDITO IMOBILIÁRIO FII,INVESTIDORES EM GERAL
BRPR E-TOWER FUNDO DE INVESTIMENTO IMOBILIARIO,INVESTIDOR QUALIFICADO
OLSEN FUNDO DE INVESTIMENTO IMOBILIÁRIO,INVESTIDOR PROFISSIONAL
LAVOURA I FIAGRO IMOBILIÁRIO,INVESTIDORES EM GERAL
KINEA DESENVOLVIMENTO LOGÍSTICO FII,INVESTIDOR QUALIFICADO
JALAPÃO FUNDO DE INVESTIMENTO IMOBILIÁRIO,INVESTIDOR QUALIFICADO
RAIZZ DESENV. I FUNDO DE INVESTIMENTO IMOBILIARIO - FII,INVESTIDOR PROFISSIONAL
FII VBI CREDITO MULTIESTRATEGIA,INVESTIDORES EM GERAL
BRIO REAL ESTATE V FUNDO DE INVESTIMENTO IMOBILIÁRIO,INVESTIDOR QUALIFICADO
PARAMIS HEDGE FUND FUNDO DE INVESTIMENTO IMOBILIÁRIO - FII,INVESTIDORES EM GERAL
FATOR VERITA MULTIESTRATEGIA FUNDO DE INVESTIMENTO IMOB,INVESTIDORES EM GERAL
FLORESTA FUNDO DE INVESTIMENTO IMOBILIÁRIO,INVESTIDOR PROFISSIONAL
AZ QUEST PANORAMA LOGÍSTICA FII - RL,INVESTIDORES EM GERAL
MERCURY FUNDO DE INVESTIMENTO IMOBILIÁRIO,INVESTIDOR PROFISSIONAL
BTW 001 FUNDO DE INVESTIMENTO IMOBILIÁRIO,INVESTIDOR PROFISSIONAL
BRIO COINVESTIMENTO JARDINS FII,INVESTIDOR PROFISSIONAL
NEX CRÉDITO AGRO - FIAGRO IMOBILIÁRIO,INVESTIDOR QUALIFICADO
FII ZAVIT CRÉDITO IMOBILIÁRIO,INVESTIDOR PROFISSIONAL
KINEA OPORTUNIDADES REAL ESTATE FII,INVESTIDORES EM GERAL
SUNO MULTIESTRATEGIA FUNDO DE INVESTIMENTO IMOBILIARIO,INVESTIDORES EM GERAL
OUTLET SANTA MARIA FUNDO DE INVESTIMENTO IMOBILIÁRIO,INVESTIDORES EM GERAL
ITAÚ TOTAL RETURN FUNDO DE INVESTIMENTO IMOBILIÁRIO,INVESTIDORES EM GERAL
R8 FUNDO DE INVESTIMENTO IMOBILIÁRIO,INVESTIDOR QUALIFICADO
FUNDO DE INVESTIMENTO IMOBILIÁRIO DE UNIDADES AUTÔNOMAS IV,INVESTIDOR PROFISSIONAL
BTG RE STRUCTURED OPPORTUNITIES FII,INVESTIDOR PROFISSIONAL
REC - FAMI FUNDO DE CRI COTAS AMORTIZAVEIS FII,INVESTIDORES EM GERAL
IMIGRANTES IV - FUNDO DE INVESTIMENTO IMOBILIARIO - FII,INVESTIDORES EM GERAL
CL CASTELO BRANCO FUNDO DE INVESTIMENTO IMOBILIARIO,INVESTIDORES EM GERAL
FII ATLAS FUNDO DE INVESTIMENTO IMOBILIÁRIO,INVESTIDOR PROFISSIONAL
XP HEDGE FUND FUNDO DE INVESTIMENTO IMOBILIÁRIO - FII,INVESTIDORES EM GERAL
CODEMAR FUNDO DE INVESTIMENTO IMOBILIÁRIO,INVESTIDOR QUALIFICADO
CAPITÂNIA LOGÍSTICA FUNDO DE INVESTIMENTO IMOBILIÁRIO,INVESTIDORES EM GERAL
FUNDO DE INVESTIMENTO IMOBILIARIO APEX REALTY - FII,INVESTIDORES EM GERAL
APEX URB FUNDO DE INV. IMOBILIARIO RESPONSABILIDADE LIMITADA,INVESTIDORES EM GERAL
INVISTA BRAZILIAN BUSINESS PARK FII,INVESTIDOR QUALIFICADO
D3 TZI DESENVOLVIMENTO FUNDO DE INVESTIMENTO IMOBILIÁRIO,INVESTIDOR QUALIFICADO
SANDALS FUNDO DE INVESTIMENTO IMOBILIÁRIO,INVESTIDOR PROFISSIONAL
AJU FUNDO DE INVESTIMENTO IMOBILIÁRIO,INVESTIDOR PROFISSIONAL
CASTELO FUNDO DE INVESTIMENTO IMOBILIÁRIO,INVESTIDOR PROFISSIONAL
INTER DESENVOLVIMENTO FII RESPONSABILIDADE LIMITADA,INVESTIDORES EM GERAL
URCA HEDGE FUND ESTRATÉGIA - RESP LIMITADA,INVESTIDORES EM GERAL
VALORA CRI INFRA FII II,INVESTIDOR PROFISSIONAL
CANUMA CAPITAL RENDA VAREJO FII RESPONSABILIDADE LIMITADA,INVESTIDOR PROFISSIONAL
VERA CRUZ THREE FII IMOBILIARIO RESPONSABILIDADE LIMITADA,INVESTIDOR QUALIFICADO
BEDFORD FUNDO DE INVESTIMENTO IMOBILIÁRIO,INVESTIDOR QUALIFICADO
KIJANI LOGÍSTICA FII,INVESTIDOR QUALIFICADO
GESIM SMART FUNDO DE INVESTIMENTO IMOBILIÁRIO,INVESTIDORES EM GERAL
ONDA DESENVOLVIMENTO IMOBILIÁRIO FII,INVESTIDORES EM GERAL
ORIZ RAIZ FI NAS CADEIAS PRODUTIVAS AGROINDUSTRIAIS- FIAGRO,INVESTIDOR PROFISSIONAL
FII RBR CRÉDITO PULVERIZADO RESPONSABILIDADE LIMITADA,INVESTIDORES EM GERAL
VERA CRUZ THREE FEEDER FII RESPONSABILIDADE LIMITADA,INVESTIDOR PROFISSIONAL
JPR DS FUNDO DE INVESTIMENTO IMOBILIÁRIO DE RESPONSABILIDAD,INVESTIDORES EM GERAL
EXITUS PLUS FUNDO DE INVESTIMENTO IMOBILIÁRIO,INVESTIDOR PROFISSIONAL
LCP SPECIAL OPPORTUNITIES I FII RESPONSABILIDADE ILIMITADA,INVESTIDORES EM GERAL
BLUE SECURITIES FUNDO DE INVESTIMENTO IMOBILIÁRIO,INVESTIDORES EM GERAL
REVERSE INVEST FUNDO DE INVESTIMENTO IMOBILIÁRIO,INVESTIDORES EM GERAL
SPGM FUNDO DE INVESTIMENTO IMOBILIÁRIO,INVESTIDOR QUALIFICADO E PROFISSIONAL
ÍCONE - FII RESPONSABILIDADE LIMITADA,INVESTIDOR QUALIFICADO
ARC PLAZA IGUATEMI II - FII RESPONSABILIDADE LIMITADA,INVESTIDOR QUALIFICADO
ROMA FII RESPONSABILIDADE LIMITADA,INVESTIDOR QUALIFICADO
ARC PLAZA IGUATEMI I - FII RESPONS LTDA,INVESTIDOR QUALIFICADO
BOQ1 FI NAS CADEIAS PRODUTIVAS AGROINDUSTRIAIS  FIAGRO FII,INVESTIDOR QUALIFICADO
TERRAZ FUNDO DE INVESTIMENTO IMOBILIÁRIO,INVESTIDOR PROFISSIONAL
ÁRTEMIS FUNDO DE INVESTIMENTO IMOBILIÁRIO RESP. LIMITADA,INVESTIDORES EM GERAL
RWM FUNDO DE INVESTIMENTO IMOBILIARIO,INVESTIDOR QUALIFICADO
ESPANHOL FUNDO DE INVESTIMENTO IMOBILIÁRIO,INVESTIDOR PROFISSIONAL
NAVI RESIDENCIAL PRIME OPPORTUNITIES FII RL,INVESTIDOR QUALIFICADO
SGON FUNDO DE INVESTIMENTO IMOBILIARIO,INVESTIDOR QUALIFICADO
TCG FUNDO DE INVESTIMENTO IMOBILIARIO,INVESTIDOR QUALIFICADO
REC FUNDO DE CRI COTAS AMORTIZAVEIS - FII,INVESTIDORES EM GERAL
TERRA MINAS FII,INVESTIDORES EM GERAL
JHSF CAPITAL BELA VISTA FII - RL,INVESTIDOR PROFISSIONAL
ICATU VANGUARDA CRÉDITO IMOBILIÁRIO FII - RL,INVESTIDORES EM GERAL
CROMOSSOMO REAL ESTATE FII RESPONSABILIDADE LIMITADA,INVESTIDOR PROFISSIONAL
SUNO FAZENDAS FIAGRO-IMOBILIARIO,INVESTIDORES EM GERAL
FII ECOPARQUE BAIRROS INTEGRADOS,INVESTIDOR QUALIFICADO
JAFFA NOV FUNDO DE INVESTIMENTO IMOBILIÁRIO,INVESTIDOR QUALIFICADO
KOMBI AZUL II FUNDO DE INVESTIMENTO IMOBILIÁRIO,INVESTIDOR QUALIFICADO
SELENE FII RESPONSABILIDADE LIMITADA,INVESTIDOR PROFISSIONAL
RBR DESENVOLVIMENTO LOGISTICO I - FII RESP LIMITADA,INVESTIDOR PROFISSIONAL
RBR PRIME OFFICES FII RESPONSABILIDADE LIMITADA,INVESTIDORES EM GERAL
JFL REAL ESTATE FUNDO DE INVESTIMENTO IMOBILIÁRIO,INVESTIDOR PROFISSIONAL
HEDGE BRASIL LOG IND FUNDO DE INVEST IMOBI DE RESP LTDA,INVESTIDORES EM GERAL
BWP FUNDO DE INVESTIMENTO IMOBILIARIO,INVESTIDOR PROFISSIONAL
TACTICAL REAL ESTATE FII EXCLUSIVO RESPONSABILIDADE LTDA,INVESTIDOR PROFISSIONAL
EMET MULTIESTRATEGIA FII RESPONSABILIDADE LIMITADA,INVESTIDORES EM GERAL
KINEA AQUISIÇÕES RESIDENCIAIS FII,INVESTIDOR QUALIFICADO
VALORA RENDA IMOBILIARIA FII,INVESTIDORES EM GERAL
JGP DESENVOLVIMENTO I FII,INVESTIDOR PROFISSIONAL
FII SMART REAL ESTATE - FII RESP LTDA,INVESTIDOR QUALIFICADO
PATAGÔNIA CAPITAL MULTIESTRATÉGIA FII,INVESTIDORES EM GERAL
FII DE DESENVO DE ESCRITÓRIOS BOUTIQUE RESPONSABILIDADE LTDA,INVESTIDOR PROFISSIONAL
DAMA FII RESPONSABILIDADE LIMITADA,INVESTIDORES EM GERAL
AQUISIÇÃO DE UNIDADES FUNDO DE INVESTIMENTO IMOBILIÁRIO RL,INVESTIDOR PROFISSIONAL
SUNNY INVESTIMENTOS FUNDO DE INVESTIMENTO IMOBILIÁRIO,INVESTIDOR QUALIFICADO
CANITAR INVEST FUNDO DE INVESTIMENTO IMOBILIARIO,INVESTIDOR QUALIFICADO E PROFISSIONAL
TAUBATÉ FII RESPONSABILIDADE LIMITADA,INVESTIDOR PROFISSIONAL
AZ QUEST PANORAMA URDI JANDIRA FII,INVESTIDOR QUALIFICADO
EB JHSF CAPITAL FUNDO DE INVESTIMENTO IMOBILIÁRIO,INVESTIDOR QUALIFICADO
RAIZZ DESENV. II FII RESPONSABILIDADE LIMITADA,INVESTIDOR QUALIFICADO
CPV ENERGIA FII RESPONSABILIDADE LIMITADA,INVESTIDORES EM GERAL
EDIFICARE FII RESPONSABILIDADE LIMITADA,INVESTIDORES EM GERAL
ELOHIM FII RESPONSABILIDADE LIMITADA,INVESTIDORES EM GERAL
BUCAREST FUNDO DE INVESTIMENTO IMOBILIÁRIO,INVESTIDOR QUALIFICADO E PROFISSIONAL
EDGE FII DE RESPONSABILIDADE LIMITADA,INVESTIDOR QUALIFICADO
TAMBORA HEDGE FUND FUNDO DE INVESTIMENTO IMOBILIÁRIO,INVESTIDOR QUALIFICADO
BB PREMIUM MALLS FII DE RESPONSABILIDADE LIMITADA,INVESTIDORES EM GERAL
PLAZA IGUATEMI - FUNDO DE INVESTIMENTO IMOBILIÁRIO,INVESTIDOR QUALIFICADO
SUPER FARMS FUNDO DE INVEST - FII,INVESTIDOR QUALIFICADO
JMP FUNDO DE INVESTIMENTO IMOBILIÁRIO,INVESTIDOR PROFISSIONAL
NEST EAGLE FII,INVESTIDORES EM GERAL
ICATU VANGUARDA GRU LOGÍSTICO FII - RESP LIMITADA,INVESTIDORES EM GERAL
ARC V FUNDO DE INVESTIMENTO IMOBILIÁRIO,INVESTIDOR QUALIFICADO
RIVIERA DOURADA FUNDO IMOBILIARIO,INVESTIDOR QUALIFICADO
REGRA BTS VAREJO FII RESP LIMITADA,INVESTIDOR QUALIFICADO
ORIZ RE CRÉDITO ESTRUTURADO FII,INVESTIDORES EM GERAL
BM FUNDO DE INVESTIMENTO IMOBILIARIO RESP LIMITADA,INVESTIDOR PROFISSIONAL
TISHMAN SPEYER JARDINS FII ORIZ XP,INVESTIDOR QUALIFICADO
TISHMAN SPEYER JARDINS FII ORIZ FII,INVESTIDOR PROFISSIONAL
SPECIALE REAL ESTATE DEVELOPMENT II FII DE RL,INVESTIDOR PROFISSIONAL
BTG PACTUAL YOU INC. DESENVOLVIMENTO IMOBILIARIO,INVESTIDORES EM GERAL
BARI CAPITAL RENDA FII -  RESPONSABILIDADE LIMITADA,INVESTIDOR PROFISSIONAL
FRANCORCHAMPS FUNDO DE INVESTIMENTO IMOBILIÁRIO,INVESTIDOR QUALIFICADO
MAUA CAPITAL HIGH GRADE FII - RESP LTDA,INVESTIDOR QUALIFICADO
JS RECEBÍVEIS IMOBILIÁRIOS FI IMOBILIÁRIO,INVESTIDORES EM GERAL
ARX CHILLON RECEBIVIES FUNDO DE INVESTIMENTO IMOBILIARIO,INVESTIDORES EM GERAL
ZAVIT SPECIAL OPPORTUNITIES - F. I. I. R. L.,INVESTIDOR QUALIFICADO
SPX DES DE GALPOES LOG FEEDER INST FII RESP LIMITADA,INVESTIDORES EM GERAL
LCP REAL RE FII,INVESTIDOR QUALIFICADO
QUARTZO REAL ESTATE DEVELOPMENT MULTIESTRATÉGIA FII RESP LIM,INVESTIDOR QUALIFICADO
MONTREAL FUNDO DE INVESTIMENTO IMOBILIÁRIO RL,INVESTIDOR PROFISSIONAL
FUNDO DE INVESTIMENTO IMOBILIARIO ASTORIAL,INVESTIDOR QUALIFICADO E PROFISSIONAL
CV RE HIGH YIELD FII,INVESTIDOR PROFISSIONAL
PEDHRA FUNDO DE INVESTIMENTO IMOBILIÁRIO RESPONS. LIMITADA,INVESTIDOR PROFISSIONAL
AUGME CRÉDITO ESTRUTURADO FII,INVESTIDOR QUALIFICADO
JARDIM PAULISTANO FUNDO DE INVESTIMENTO IMOBILIÁRIO,INVESTIDORES EM GERAL
FRUTO TERRAS FIAGRO,INVESTIDOR QUALIFICADO
PDP INVESTMENT FUND FUNDO DE INVESTIMENTO IMOB RESP LTDA,INVESTIDOR PROFISSIONAL
BLUEROCK ONE FII RESPONSABILIDADE LIMITADA,INVESTIDOR QUALIFICADO
PDP ALLOS FUNDO DE INVESTIMENTO IMOBILIARIO,INVESTIDOR PROFISSIONAL
THEMISO FUNDO DE INVESTIMENTO IMOBILIÁRIO RESP. LIMITADA,INVESTIDOR QUALIFICADO E PROFISSIONAL
SPX MASTER DESEN DE GALPOES LOG I INST FII RESP LIMITADA,INVESTIDORES EM GERAL
FII BRIO RENDA RESIDENCIAL - RL,INVESTIDOR PROFISSIONAL
SPX SYN DES DE GALPOES LOG FEEDER PRIVATE FII RESP LIMITADA,INVESTIDOR QUALIFICADO
CROWTECH FII RESPONSABILIDADE LIMITADA,INVESTIDOR PROFISSIONAL
RIZA KALITHEA FII RESPONSABILIDADE LIMITADA,INVESTIDORES EM GERAL
KINEA FÊNIX FUNDO DE INVESTIMENTO IMOBILIÁRIO,INVESTIDORES EM GERAL
FII ROOFTOP III RESPONSABILIDADE LIMITADA,INVESTIDOR PROFISSIONAL
CIX GD ENERGIA SOLAR FUNDO DE INVESTIMENTO IMOBILIÁRIO RL,INVESTIDOR PROFISSIONAL
RWM BOTANICH FUNDO DE INVESTIMENTO IMOBILIÁRIO,INVESTIDOR QUALIFICADO
SUNXITT FII DE RESPONSABILIDADE LIMITADA,INVESTIDOR PROFISSIONAL
ETT BLUECAP FII,INVESTIDOR QUALIFICADO
AZ QUEST PANORAMA CRÉDITO FII,INVESTIDOR QUALIFICADO
ID GOIANA II FUNDO DE INVESTIMENTO,INVESTIDOR PROFISSIONAL
FUNDO DE INVESTIMENTO IMOBILIÁRIO RIO XINGU,INVESTIDOR QUALIFICADO
CASAS AAA SP FUNDO DE INVESTIMENTO IMOBILIÁRIO,INVESTIDOR PROFISSIONAL
ALEGRIA FII DE RESPONSABILIDADE  ILIMITADA,INVESTIDOR PROFISSIONAL
RIO BRAVO HEDGE FUND FII,INVESTIDOR QUALIFICADO
GALAPAGOS DESENVOLVIMENTO LOGÍSTICO FII RESP. LIM.,INVESTIDORES EM GERAL
ARION FUNDO DE INVESTIMENTO IMOBILIÁRIO,INVESTIDOR PROFISSIONAL
SHOPPING TOTALBRAS & NEWMALL FII,INVESTIDOR QUALIFICADO
AZ QUEST RENDA SOLAR FII,INVESTIDOR QUALIFICADO
RIZA LECCI FII RESPONSABILIDADE LIMITADA,INVESTIDOR QUALIFICADO
ARTEMIS 2024 FII,INVESTIDOR QUALIFICADO
FII BALTIMORE,INVESTIDOR QUALIFICADO
FUNDO DE INVESTIMENTO IMOBILIÁRIO DCT - RESP LTDA,INVESTIDOR QUALIFICADO
REC MULTIESTRATÉGIA - FII RESPONSABILIDADE LTDA,INVESTIDORES EM GERAL
MASH EMPREENDIMENTOS FII RESPONSABILIDADE LIMITADA,INVESTIDOR PROFISSIONAL
FAZENDA BELA VISTA FIAGRO FII RESPONSABILIDADE LIMITADA,INVESTIDOR PROFISSIONAL
RBR TOP OFFICES FII RESPONSABILIDADE LIMITADA,INVESTIDORES EM GERAL
ANGOSTURA I FUNDO DE INVESTIMENTO IMOBILIÁRIO,INVESTIDOR QUALIFICADO
FUNDO DE INVESTIMENTO IMOBILIÁRIO ZION CEMITÉRIOS RL,INVESTIDOR QUALIFICADO
PDB MALLS FII RL,INVESTIDORES EM GERAL
MAUA CAPITAL CRED IMOB ESTRUTURADO FII RESPONSABILIDADE LTDA,INVESTIDOR QUALIFICADO
SPMG II FUNDO DE INVESTIMENTO IMOBILIÁRIO,INVESTIDOR QUALIFICADO
FII FIAGRO TRUST  - RESP LIMITADA,INVESTIDOR PROFISSIONAL
FII NOVUS DESENVOLVIMENTO URBANO FUNDO RL,INVESTIDOR PROFISSIONAL
HSI CREDITO ESTRUTURADO FII RESPONSABILIDADE LIMITADA,INVESTIDOR QUALIFICADO
BGR B32 FUNDO DE INVESTIMENTO IMOBILIÁRIO,INVESTIDOR QUALIFICADO
QUADRILÁTERO FUNDO DE INVESTIMENTO IMOBILIÁRIO,INVESTIDOR QUALIFICADO
RJDI FII RL,INVESTIDOR QUALIFICADO
ANNECY 59 FII,INVESTIDOR QUALIFICADO
BOREAL CAPITAL FII DE RESP LTDA,INVESTIDOR PROFISSIONAL
MONTBLANC FUNDO DE INVESTIMENTO IMOBILIÁRIO,INVESTIDOR PROFISSIONAL
ROMA VI FUNDO DE INVESTIMENTO IMOBILIÁRIO RL,INVESTIDORES EM GERAL
BASÍLICA PARTNERS UNI FII,INVESTIDOR QUALIFICADO
SPX SYN DESEN DE GALPOES LOG FEEDER BRAD FII RESP LIMITADA,INVESTIDOR PROFISSIONAL
MONTE BIANCO FII - RESPONSABILIDADE LIMITADA,INVESTIDOR PROFISSIONAL
MAUÁ CAPITAL LOGÍSTICA FII - RESPONSABILIDADE LIMITADA,INVESTIDORES EM GERAL
BTGP REAL ESTATE HEDGE FUND MULTIESTRATEGIA FII,INVESTIDORES EM GERAL
FUNDO DE INVESTIMENTO IMOBILÁRIO BRC-IV DESENVOLVIMENTO RESP,INVESTIDOR QUALIFICADO
STARBOARD SPECIAL SITUATIONS III FII RESPONSABILIDADE LTDA,INVESTIDOR PROFISSIONAL
TERA FUNDO DE INVESTIMENTO IMOBILIÁRIO,INVESTIDOR PROFISSIONAL
FII NEOMALL RESPONSABILIDADE LIMITADA,INVESTIDOR QUALIFICADO
AZ QUEST PANORAMA CREDITO VINTAGE I FII - RESP LIMITADA,INVESTIDORES EM GERAL
RIZA EQUITUS REAL ESTATE FII RESPONSABILIDADE LIMITADA,INVESTIDOR QUALIFICADO
SÃO BENEDITO FUNDO DE INVESTIMENTO IMOBILIÁRIO DE RL,INVESTIDOR PROFISSIONAL
RBR FLAGSHIP I FII RESPONSABILIDADE LIMITADA,INVESTIDOR QUALIFICADO
KINEA PRIME RESIDENCIAL I FII RESP. LTDA,INVESTIDOR QUALIFICADO
FUNDO DE INVESTIMENTO IMOBILIÁRIO SOFIA,INVESTIDORES EM GERAL
RIZA THERA FII RESPONSABILIDADE LIMITADA,INVESTIDOR PROFISSIONAL
LAZIO11 FUNDO DE INVESTIMENTO IMOBILIÁRIO RL,INVESTIDOR PROFISSIONAL
LIMAY FII RESPONSABILIDADE LIMITADA,INVESTIDOR QUALIFICADO E PROFISSIONAL
WHG SP REALTY II FII - RESP LTDA,INVESTIDOR QUALIFICADO
BRIO COINVESTIMENTO FRANCA FII,INVESTIDOR QUALIFICADO
MAUÁ CAPITAL LOGÍSTICA FEEDER FII,INVESTIDORES EM GERAL
CCGL FUNDO DE INVESTIMENTO IMOBILIÁRIO,INVESTIDOR PROFISSIONAL
COTA REAL 7 FUNDO DE INVESTIMENTO IMOBILIÁRIO RL,INVESTIDOR QUALIFICADO
BTG PACTUAL LOG ESTRATEGIAS LIQUIDAS FII,INVESTIDORES EM GERAL
LUMINI FUNDO DE INVESTIMENTO IMOBILIÁRIO,INVESTIDOR PROFISSIONAL
EXES TERRAS I - FIAGRO IMOBILIÁRIO,INVESTIDOR QUALIFICADO
ÍRIS FUNDO DE INVESTIMENTO IMOBILIÁRIO RL,INVESTIDOR PROFISSIONAL
SHOPPING POPULARES FUNDO DE INVESTIMENTO IMOBILIÁRIO,INVESTIDOR QUALIFICADO
ARX FUNDO DE INVESTIMENTO IMOBILIÁRIO PORTFÓLIO RENDA CDI+,INVESTIDORES EM GERAL
HCO LOGISTICS OPPS FII RESP LIMIT,INVESTIDOR QUALIFICADO
BRAZIL STRATEGY FUNDO DE INVESTIMENTO IMOBILIÁRIO DE RL,INVESTIDORES EM GERAL
ÔMEGA FUNDO DE INVESTIMENTO IMOBILIÁRIO RL,INVESTIDOR PROFISSIONAL
SPX FUNDO DE INVESTIMENTO IMOBILIARIO PORTFOLIO RENDA I,INVESTIDORES EM GERAL
BRASOL RENDA IMOBILIARIA SOLAR I FII,INVESTIDOR QUALIFICADO
JK1 FUNDO DE INVESTIMENTO IMOBILIÁRIO,INVESTIDOR QUALIFICADO
GALAPAGOS FEEDER LOGÍSTICO FII RESP LIM,INVESTIDOR PROFISSIONAL
REPÚBLICA DO LÍBANO FUNDO DE INVESTIMENTO IMOBILIÁRIO RL,INVESTIDOR PROFISSIONAL
FII MANATI TURMALINA,INVESTIDOR PROFISSIONAL
OPEN KAPITAL FII RESP LTDA,INVESTIDOR PROFISSIONAL
DOLOMONTI FUNDO DE INVESTIMENTO IMOBILIÁRIO,INVESTIDOR PROFISSIONAL
FUNDO DE INVESTIMENTO IMOBILIÁRIO SLB DE CLASSE ÚNICA,INVESTIDOR PROFISSIONAL
INTER HEDGE FII - RESPONSABILIDADE LIMITADA,INVESTIDOR PROFISSIONAL
NEODOMUS FUNDO DE INVESTIMENTO IMOBILIÁRIO,INVESTIDOR QUALIFICADO
GALAPAGOS FEEDER DESENVOLVIMENTO LOGÍSTICO FII RESP LIMIT,INVESTIDOR PROFISSIONAL
PINNACLE CAPITAL FUNDO DE INVESTIMENTO IMOBILIARIO,INVESTIDORES EM GERAL
LMNX - FII RESPONSABILIDADE LIMITADA,INVESTIDOR PROFISSIONAL
ORIZ RAIZ II FIAGRO IMOBILIÁRIO,INVESTIDOR PROFISSIONAL
OXIGENIO FII DE RESPONSABILIDADE LTDA,INVESTIDORES EM GERAL
OXIGÊNIO 2 FII - RESPONSABILIDADE LIMITADA,INVESTIDOR PROFISSIONAL
FII SYN 3 RESPONSABILIDADE LIMITADA,INVESTIDOR PROFISSIONAL
FII SYN 4 RESPONSABILIDADE LIMITADA,INVESTIDOR PROFISSIONAL
FII SYN 5 RESPONSABILIDADE LIMITADA,INVESTIDOR PROFISSIONAL
FII SYN 6 RESPONSABILIDADE LIMITADA,INVESTIDOR PROFISSIONAL
WAVE FII RESPONSABILIDADE LIMITADA,INVESTIDOR PROFISSIONAL
THE SPOT ONE FUNDO DE INVESTIMENTO IMOBILIÁRIO,INVESTIDOR QUALIFICADO
MULTI RENDA FII,INVESTIDORES EM GERAL
VINCI INSTRUMENTOS FINANCEIROS 3 FII RESP LIMITADA,INVESTIDORES EM GERAL
CAPSICUM I - FIAGRO-FII - RESP. LTDA,INVESTIDOR PROFISSIONAL
XP LOGÍSTICO PRIME YIELD FUNDO DE INVESTIMENTO IMOBILIÁRIO,INVESTIDORES EM GERAL
SÃO JORGE 11 FUNDO DE INVESTIMENTO IMOBILIÁRIO,INVESTIDOR QUALIFICADO
FII PISA VII,INVESTIDOR PROFISSIONAL
SHOPPING PATIO PAULISTA FII RESPONSABILIDADE  LIMITADA,INVESTIDOR QUALIFICADO
AROEIRA FII - RESPONSABILIDADE LIMITADA,INVESTIDORES EM GERAL
RIZA ONYX FII RESPONSABILIDADE LIMITADA,INVESTIDOR QUALIFICADO
BTG LOG AAA CAJAMAR FII RESPONSABILIDADE LIMITADA,INVESTIDOR QUALIFICADO
OPORTUNIDADES IMOBILIÁRIAS I  FII,INVESTIDOR PROFISSIONAL
051 AGRO FAZENDAS IV FII,INVESTIDOR PROFISSIONAL
MINAS AGRO FIAGRO - IMOBILIÁRIO,INVESTIDOR PROFISSIONAL
SPX DES DE GALPOES LO FEEDER GALAPAGOS FII RESP LIMITADA,INVESTIDOR PROFISSIONAL
REAL ESTATE TRANCOSO II FII - CLASSE B,INVESTIDOR PROFISSIONAL
REAL ESTATE TRANCOSO II FII - CLASSE C,INVESTIDOR PROFISSIONAL
REAL ESTATE TRANCOSO II FII - CLASSE D,INVESTIDORES EM GERAL
MAXI RENDA FI IMOBILIARIO FII,INVESTIDORES EM GERAL
