CNPJ_Fundo,Nome_Fundo,Lucro_Contabil,Rendimentos_Declarados,%Distribuido
00.332.266/0001-31,FUNDO DE INVESTIMENTO IMOBILIÁRIO VIA PARQUE SHOPPING,220000.0,15980080.48,7263.67
00.762.723/0001-28,FUNDO DE INVESTIMENTO IMOBILIÁRIO CENTRO TÊXTIL INTERN.,170946.28,3704984.4,2167.34
00.762.723/0001-28,FUNDO DE INVESTIMENTO IMOBILIÁRIO CENTRO TÊXTIL INTERN.,329522.47,7454962.77,2262.35
00.868.235/0001-08,FUNDO DE INVESTIMENTO IMOBILIÁRIO HERMES,78276.94,1924999.88,2459.22
00.868.235/0001-08,FUNDO DE INVESTIMENTO IMOBILIÁRIO HERMES,207396.11,3854999.74,1858.76
01.235.622/0001-61,OPPORTUNITY FUNDO E INVESTIMENTO IMOBILIÁRIO,0.0,23548056.04,inf
01.497.954/0001-14,FUNDO DE INVESTIMENTO IMOBILIÁRIO MISTRAL,0.0,2131748.15,inf
01.601.918/0001-59,FUNDO FORTALEZA DE INVESTIMENTO IMOBILIÁRIO,84687.06,2390000.0,2822.15
01.636.325/0001-28,FII PÁTEO MOINHOS DE VENTO,3493293.05,6986586.1,200.0
01.636.325/0001-28,FUNDO DE INVESTIMENTO IMOBILIÁRIO PÁTEO MOINHOS DE VENTO,0.0,4389494.29,inf
01.636.325/0001-28,FUNDO DE INVESTIMENTO IMOBILIÁRIO PÁTEO MOINHOS DE VENTO,531161.45,9195344.04,1731.18
01.657.856/0001-05,SCP - FUNDO DE INVESTIMENTO IMOBILIÁRIO,4331.86,2113989.64,48800.97
02.027.437/0001-44,FUNDO BRASÍLIO MACHADO DE INVESTIMENTO IMOBILIÁRIO,31815.34,856999.88,2693.67
02.027.437/0001-44,FUNDO BRASÍLIO MACHADO DE INVESTIMENTO IMOBILIÁRIO,17696.06,1482999.73,8380.4
02.508.235/0001-14,LOGINVEST FUNDO DE INVESTIMENTO IMOBILIÁRIO INDUSTRIAL,86151.6,2265750.0,2629.96
02.508.235/0001-14,LOGINVEST FUNDO DE INVESTIMENTO IMOBILIÁRIO INDUSTRIAL,212606.05,4517820.0,2124.97
03.507.519/0001-59,FUNDO DE INVESTIMENTO IMOBILIÁRIO SHOP. PÁTIO HIGIENÓPOLIS,739385.22,11650872.21,1575.75
03.683.056/0001-86,FUNDO DE INV. IMOBILIÁRIO RIO BRAVO RENDA CORPORATIVA,376754.48,11454659.18,3040.35
03.683.056/0001-86,FUNDO DE INV. IMOBILIÁRIO RIO BRAVO RENDA CORPORATIVA,542485.33,4986324.45,919.16
03.683.056/0001-86,FUNDO DE INV. IMOBILIÁRIO RIO BRAVO RENDA CORPORATIVA,1650687.24,10187115.94,617.14
03.855.441/0001-63,FUNDO DE INVESTIMENTO IMOBILIÁRIO RB LOGÍSTICA,0.0,1267595.82,inf
04.066.582/0001-60,FUNDO DE INVESTIMENTO IMOBILIARIO - FII HOSPITAL DA CRIANCA,69867.87,1397357.39,2000.0
04.066.582/0001-60,FUNDO DE INVESTIMENTO IMOBILIARIO - FII HOSPITAL DA CRIANCA,139437.97,2788759.39,2000.0
04.066.582/0001-60,FUNDO DE INVESTIMENTO IMOBILIARIO - FII HOSPITAL DA CRIANCA,70244.99,1404899.8,2000.0
04.066.582/0001-60,FUNDO DE INVESTIMENTO IMOBILIARIO - FII HOSPITAL DA CRIANCA,137518.72,2750374.42,2000.0
04.141.645/0001-03,FUNDO DE INVEST. IMOBILIÁRIO CONTINENTAL SQUARE FARIA LIMA,13848.51,4611359.46,33298.6
04.141.645/0001-03,FUNDO DE INVEST. IMOBILIÁRIO CONTINENTAL SQUARE FARIA LIMA,135358.67,4713712.11,3482.39
04.722.883/0001-02,FUNDO DE INVESTIMENTO IMOBILIARIO - FII TORRE NORTE,147479.19,8900047.93,6034.78
05.562.312/0001-02,FUNDO DE INVESTIMENTO IMOBILIARIO - FII EDIFICIO ALMIRANTE B,2.93,23469715.07,801014166.3
06.175.262/0001-73,FUNDO DE INVESTIMENTO IMOBILIÁRIO EDIFÍCIO OURINVEST,32087.47,1251396.42,3899.95
06.175.262/0001-73,FUNDO DE INVESTIMENTO IMOBILIÁRIO EDIFÍCIO OURINVEST,64286.87,2507187.76,3900.0
06.175.262/0001-73,FUNDO DE INVESTIMENTO IMOBILIÁRIO EDIFÍCIO OURINVEST,33732.23,1315556.53,3900.0
06.175.262/0001-73,FUNDO DE INVESTIMENTO IMOBILIÁRIO EDIFÍCIO OURINVEST,64884.56,2530497.39,3900.0
07.000.400/0001-46,BB FUNDO DE INVESTIMENTO IMOBILIÁRIO PROGRESSIVO,0.0,9136347.6,inf
07.000.400/0001-46,BB FUNDO DE INVESTIMENTO IMOBILIÁRIO PROGRESSIVO,0.0,17935380.2,inf
07.000.400/0001-46,BB FUNDO DE INVESTIMENTO IMOBILIÁRIO PROGRESSIVO,0.0,9105322.09,inf
07.000.400/0001-46,BB FUNDO DE INVESTIMENTO IMOBILIÁRIO PROGRESSIVO,0.0,8968207.3,inf
07.122.725/0001-00,FUNDO DE INVESTIMENTO IMOBILIARIO - FII TORRE ALMIRANTE,979988.2,19599764.02,2000.0
07.122.725/0001-00,FUNDO DE INVESTIMENTO IMOBILIARIO - FII TORRE ALMIRANTE,688850.05,11613437.65,1685.92
07.224.019/0001-60,FUNDO DE INVESTIMENTO IMOBILIARIO - FII SHOPPING PARQUE D. P,1270939.24,26680976.27,2099.31
07.224.019/0001-60,FUNDO DE INVESTIMENTO IMOBILIARIO - FII SHOPPING PARQUE D. P,1628458.53,55521507.14,3409.45
07.224.019/0001-60,FII SHOPPING PARQUE DOM PEDRO,934178.47,29553744.05,3163.61
07.224.019/0001-60,FUNDO DE INVESTIMENTO IMOBILIARIO - FII SHOPPING PARQUE D. P,2531941.68,59778338.9,2360.97
07.352.632/0001-63,FUNDO DE INVESTIMENTO IMOBILIARIO - FII RODOBENS,916.62,18332.33,1999.99
07.352.632/0001-63,FUNDO DE INVESTIMENTO IMOBILIARIO - FII RODOBENS,935.12,18702.43,2000.0
07.583.627/0001-61,FUNDO DE INVESTIMENTO IMOBILIARIO PENINSULA,0.0,0.0,inf
08.014.513/0001-63,FII HOSPITAL NOSSA SENHORA DE LOURDES,228575.18,5141503.51,2249.37
08.014.513/0001-63,FII HOSPITAL NOSSA SENHORA DE LOURDES,466866.63,10477332.61,2244.18
08.014.513/0001-63,FII HOSPITAL NOSSA SENHORA DE LOURDES,240319.27,5376385.41,2237.18
08.014.513/0001-63,FUNDO DE INVESTIMENTO IMOBILIARIO - FII HOSPITAL NOSSA SENHO,480338.77,10746775.43,2237.33
08.098.114/0001-28,FII COMERCIAL PROGRESSIVO II,440659.8,8813197.51,2000.0
08.098.114/0001-28,FII COMERCIAL PROGRESSIVO II,679802.53,-0.0,-0.0
08.098.114/0001-28,FII COMERCIAL PROGRESSIVO II,307344.28,6146885.58,2000.0
08.431.747/0001-06,CSHG BRASIL SHOPPING FUNDO DE INVESTIMENTO IMOBILIÁRIO - FII,3425648.77,21499680.0,627.61
08.431.747/0001-06,CSHG BRASIL SHOPPING FUNDO DE INVESTIMENTO IMOBILIÁRIO - FII,6561430.61,41494382.4,632.4
08.431.747/0001-06,CSHG BRASIL SHOPPING FUNDO DE INVESTIMENTO IMOBILIÁRIO - FII,1807850.04,19994702.62,1105.99
08.431.747/0001-06,CSHG BRASIL SHOPPING FUNDO DE INVESTIMENTO IMOBILIÁRIO - FII,2180783.1,37086948.01,1700.63
08.696.175/0001-97,RB CAPITAL RENDA I FUNDO DE INVESTIMENTO IMOBILIÁRIO - FII,0.0,5682979.66,inf
08.696.175/0001-97,RB CAPITAL RENDA I FUNDO DE INVESTIMENTO IMOBILIÁRIO - FII,0.0,9209760.75,inf
08.696.175/0001-97,RB CAPITAL RENDA I FUNDO DE INVESTIMENTO IMOBILIÁRIO - FII,0.0,3483725.72,inf
08.696.175/0001-97,RB CAPITAL RENDA I FUNDO DE INVESTIMENTO IMOBILIÁRIO - FII,0.0,6997328.1,inf
08.706.065/0001-69,FUNDO DE INVESTIMENTO IMOBILIARIO - FII HOTEL MAXINVEST,41015.36,820307.18,2000.0
08.706.065/0001-69,FUNDO DE INVESTIMENTO IMOBILIARIO - FII HOTEL MAXINVEST,183329.2,3666583.92,2000.0
08.706.065/0001-69,FUNDO DE INVESTIMENTO IMOBILIARIO - FII HOTEL MAXINVEST,94468.76,1889375.13,2000.0
08.706.065/0001-69,FUNDO DE INVESTIMENTO IMOBILIARIO - FII HOTEL MAXINVEST,220004.81,4400096.11,2000.0
08.924.783/0001-01,FUNDO DE INVESTIMENTO IMOBILIARIO BTG PACTUAL CORPORATE OFFI,2388945.51,47778910.13,2000.0
08.924.783/0001-01,FUNDO DE INVESTIMENTO IMOBILIARIO BTG PACTUAL CORPORATE OFFI,3293842.71,65876854.18,2000.0
08.924.783/0001-01,FUNDO DE INVESTIMENTO IMOBILIARIO BTG PACTUAL CORPORATE OFFI,988815.63,19776312.56,2000.0
08.924.783/0001-01,FUNDO DE INVESTIMENTO IMOBILIARIO BTG PACTUAL CORPORATE OFFI,2503767.02,50075340.42,2000.0
09.006.914/0001-34,FUNDO RB CAPITAL RENDA II FUNDO DE INVESTIMENTO IMOBILIÁRIO,0.0,10003998.44,inf
09.072.017/0001-29,CSHG REAL ESTATE FUNDO DE INVESTIMENTO IMOBILIÁRIO - FII,2687872.29,21853976.02,813.06
09.072.017/0001-29,CSHG REAL ESTATE FUNDO DE INVESTIMENTO IMOBILIÁRIO - FII,9030864.07,42674318.0,472.54
09.072.017/0001-29,CSHG REAL ESTATE FUNDO DE INVESTIMENTO IMOBILIÁRIO - FII,4570405.71,20820342.03,455.55
09.072.017/0001-29,CSHG REAL ESTATE FUNDO DE INVESTIMENTO IMOBILIÁRIO - FII,4455019.71,41640683.99,934.69
09.150.967/0001-24,FUNDO DE INVESTIMENTO IMOBILIÁRIO PATRIMONIAL IV,0.0,129698.2,inf
09.326.861/0001-39,FUNDO DE INVESTIMENTO IMOBILIARIO FII SHOPPING WEST PLAZA,119143.4,948856.56,796.4
09.326.861/0001-39,FUNDO DE INVESTIMENTO IMOBILIARIO FII SHOPPING WEST PLAZA,84575.67,590798.92,698.54
09.350.920/0001-04,FUNDO DE INVESTIMENTO IMOBILIÁRIO SÃO FERNANDO,61312.0,2267200.32,3697.81
09.350.920/0001-04,FUNDO DE INVESTIMENTO IMOBILIÁRIO SÃO FERNANDO,154273.46,4534400.64,2939.2
09.552.812/0001-14,FII BTG PACTUAL FUNDO DE CRI,181172.2,3623444.03,2000.0
09.552.812/0001-14,FII BTG PACTUAL FUNDO DE CRI,59977.91,5158318.4,8600.36
09.552.812/0001-14,FII BTG PACTUAL FUNDO DE CRI,74735.53,1564750.38,2093.72
09.552.812/0001-14,FII BTG PACTUAL FUNDO DE CRI,218247.44,4456904.0,2042.13
10.347.505/0001-80,FUNDO DE INVESTIMENTO IMOBILIÁRIO VOTORANTIM SECURITIES,0.0,2310486.1,inf
10.347.985/0001-80,FII BB VOTORANTIM JHSF CIDADE JARDIM CONTINENTAL TOWER,0.0,1785627.48,inf
10.347.985/0001-80,FII BB VOTORANTIM CIDADE JARDIM CONTINENTAL TOWER,0.0,3882674.05,inf
10.347.985/0001-80,FII BB VOTORANTIM CIDADE JARDIM CONTINENTAL TOWER,0.0,1819194.49,inf
10.347.985/0001-80,FII BB VOTORANTIM CIDADE JARDIM CONTINENTAL TOWER,0.0,2310305.54,inf
10.348.185/0001-83,FUNDO DE INVESTIMENTO IMOBILIÁRIO VOTORANTIM SECURITIES II,0.0,13123512.06,inf
10.348.185/0001-83,FUNDO DE INVESTIMENTO IMOBILIÁRIO VOTORANTIM SECURITIES II,0.0,41373025.76,inf
10.348.185/0001-83,FUNDO DE INVESTIMENTO IMOBILIÁRIO VOTORANTIM SECURITIES II,0.0,13411458.74,inf
10.348.185/0001-83,FUNDO DE INVESTIMENTO IMOBILIÁRIO VOTORANTIM SECURITIES II,0.0,35973943.26,inf
10.375.382/0001-91,FLORIPA SHOPPING FUNDO DE INVESTIMENTO IMOBILIARIO - FII,0.0,1263770.91,inf
10.375.382/0001-91,FLORIPA SHOPPING FUNDO DE INVESTIMENTO IMOBILIARIO - FII,44459.15,889182.93,2000.0
10.410.463/0001-85,ITACOATIARA FUNDO DE INVESTIMENTO IMOBILIÁRIO,0.0,1084.29,inf
10.427.246/0001-06,FUNDO DE INVESTIMENTO IMOBILIARIO FII PRIME PORTFOLIO,1978058.84,39561176.89,2000.0
10.427.246/0001-06,FUNDO DE INVESTIMENTO IMOBILIARIO FII PRIME PORTFOLIO,2015050.53,40301010.49,2000.0
10.427.246/0001-06,FUNDO DE INVESTIMENTO IMOBILIARIO FII PRIME PORTFOLIO,411175.31,8223506.24,2000.0
10.427.246/0001-06,FUNDO DE INVESTIMENTO IMOBILIARIO FII PRIME PORTFOLIO,1206326.3,24126525.91,2000.0
10.456.799/0001-89,FUNDO DE INVESTIMENTO IMOBILIÁRIO PHORBIS,288958.65,8795991.36,3044.03
10.456.810/0001-00,MULTIGESTÃO RENDA COMERCIAL FUNDO DE INV. IMOBILIÁRIO,0.0,756605.55,inf
10.456.810/0001-00,MULTIGESTÃO RENDA COMERCIAL FUNDO DE INV. IMOBILIÁRIO,86839.68,1556610.72,1792.51
10.869.155/0001-12,FII PARQUE DOM PEDRO SHOPPING,115652.47,8951177.26,7739.72
10.869.155/0001-12,FII PARQUE DOM PEDRO SHOPPING CENTER,115652.73,18676322.48,16148.62
10.869.155/0001-12,FUNDO DE INVESTIMENTO IMOBILIARIO - FII PARQUE DOM PEDRO SHO,0.0,19781621.91,inf
10.993.386/0001-33,FUNDO DE INVESTIMENTO IMOBILIARIO - FII EDIFICIO CASTELO,99698.67,12600347.2,12638.43
11.026.627/0001-38,FII BTG PACTUAL FUNDO DE FUNDOS,355069.26,7101385.1,2000.0
11.026.627/0001-38,FII BTG PACTUAL FUNDO DE FUNDOS,1063646.41,14746252.78,1386.39
11.026.627/0001-38,FII BTG PACTUAL FUNDO DE FUNDOS,555953.54,8895902.55,1600.12
11.026.627/0001-38,FII BTG PACTUAL FUNDO DE FUNDOS,850366.53,17811515.2,2094.57
11.044.355/0001-07,STARX FUNDO DE INVESTIMENTO IMOBILIARIO - FII,607767.15,2156216.27,354.78
11.044.355/0001-07,STARX FUNDO DE INVESTIMENTO IMOBILIARIO - FII,546168.89,2950000.0,540.13
11.044.355/0001-07,STARX FUNDO DE INVESTIMENTO IMOBILIARIO - FII,0.0,1170201.66,inf
11.044.355/0001-07,STARX FUNDO DE INVESTIMENTO IMOBILIARIO - FII,303686.95,2350000.0,773.82
11.160.521/0001-22,CSHG RECEBIVEIS IMOBILIÁRIOS FUNDO DE INV IMOBILIÁRIO - FII,425362.2,2827143.0,664.64
11.160.521/0001-22,CSHG RECEBIVEIS IMOBILIÁRIOS FUNDO DE INV IMOBILIÁRIO - FII,595324.92,5654286.0,949.78
11.160.521/0001-22,CSHG RECEBIVEIS IMOBILIÁRIOS FUNDO DE INV IMOBILIÁRIO - FII,640329.13,2329775.24,363.84
11.160.521/0001-22,CSHG RECEBIVEIS IMOBILIÁRIOS FUNDO DE INV IMOBILIÁRIO - FII,1190345.57,4622902.35,388.37
11.179.118/0001-45,FUNDO DE INVEST IMOBILIARIO - FII ANHANGUERA EDUCACIONCIONAL,143922.95,3163458.98,2198.02
11.179.118/0001-45,FUNDO DE INVESTIMENTO IMOBILIARIO - FII ANHANGUERA EDUCACION,262947.84,5733956.83,2180.64
11.179.118/0001-45,FUNDO DE INVESTIMENTO IMOBILIARIO - FII ANHANGUERA EDUCACION,124173.33,2768466.58,2229.52
11.179.118/0001-45,FUNDO DE INVESTIMENTO IMOBILIARIO - FII ANHANGUERA EDUCACION,313442.06,5594473.99,1784.85
11.233.841/0001-65,REAL MINAS FUNDO DE INVESTIMENTO IMOBILIARIO - FII,595545.06,5886717.4,988.46
11.233.841/0001-65,REAL MINAS FUNDO DE INVESTIMENTO IMOBILIARIO - FII,216964.57,4339291.45,2000.0
11.233.841/0001-65,REAL MINAS FUNDO DE INVESTIMENTO IMOBILIARIO - FII,441034.14,8820682.79,2000.0
11.260.134/0001-68,CSHG JHSF PRIME OFFICES FUNDO DE INV IMOBILIÁRIO - FII,185245.56,3712500.0,2004.1
11.260.134/0001-68,CSHG JHSF PRIME OFFICES FUNDO DE INV IMOBILIÁRIO - FII,415010.66,7425000.0,1789.11
11.260.134/0001-68,CSHG JHSF PRIME OFFICES FUNDO DE INV IMOBILIÁRIO - FII,202056.36,3712500.0,1837.36
11.260.134/0001-68,CSHG JHSF PRIME OFFICES FUNDO DE INV IMOBILIÁRIO - FII,511743.64,7425000.0,1450.92
11.274.415/0001-70,FUNDO DE INVESTIMENTO IMOBILIARIO - FII MAX RETAIL,94738.4,1473757.5,1555.61
11.274.415/0001-70,FUNDO DE INVESTIMENTO IMOBILIARIO - FII MAX RETAIL,166814.45,5448911.83,3266.45
11.281.322/0001-72,FII PRESIDENTE VARGAS,655886.62,2045595.35,311.88
11.281.322/0001-72,FII PRESIDENTE VARGAS,48923.99,1021920.38,2088.79
11.281.322/0001-72,FII PRESIDENTE VARGAS,94048.12,2146367.27,2282.2
11.602.654/0001-01,FUNDO DE INVESTIMENTO IMOBILIARIO - FII CAMPUS FARIA LIMA,93450.14,5598758.17,5991.17
11.602.654/0001-01,FUNDO DE INVESTIMENTO IMOBILIARIO - FII CAMPUS FARIA LIMA,324624.79,11263020.17,3469.55
11.602.654/0001-01,FUNDO DE INVESTIMENTO IMOBILIARIO - FII CAMPUS FARIA LIMA,194456.51,5597339.89,2878.45
11.602.654/0001-01,FUNDO DE INVESTIMENTO IMOBILIARIO - FII CAMPUS FARIA LIMA,383527.09,11094339.67,2892.71
11.664.201/0001-00,FATOR VERITA FII,0.0,10037929.07,inf
11.701.400/0001-40,TAURUS PATRIMONIUM FUNDO DE INVESTIMENTO IMOBILIÁRIO - FII,0.0,119983.73,inf
11.701.400/0001-40,TAURUS PATRIMONIUM FUNDO DE INVESTIMENTO IMOBILIÁRIO - FII,0.0,97924.72,inf
11.701.400/0001-40,TAURUS PATRIMONIUM FUNDO DE INVESTIMENTO IMOBILIÁRIO - FII,8920.55,178411.08,2000.0
11.728.688/0001-47,CSHG LOGÍSTICA FUNDO DE INVESTIMENTO IMOBILIÁRIO - FII,1567131.21,8876610.0,566.42
11.728.688/0001-47,CSHG LOGÍSTICA FUNDO DE INVESTIMENTO IMOBILIÁRIO - FII,2304103.73,17753220.0,770.5
11.728.688/0001-47,CSHG LOGÍSTICA FUNDO DE INVESTIMENTO IMOBILIÁRIO - FII,960638.54,8876610.0,924.03
11.728.688/0001-47,CSHG LOGÍSTICA FUNDO DE INVESTIMENTO IMOBILIÁRIO - FII,954893.41,17753220.01,1859.18
11.839.593/0001-09,TRX REALTY LOGÍSTICA RENDA I FII,90632.95,1812659.02,2000.0
11.839.593/0001-09,TRX REALTY LOGISTICA RENDA I FI IMOBILIARIO - FII,153199.86,3063997.25,2000.0
11.839.593/0001-09,TRX REALTY LOGISTICA RENDA I FI IMOBILIARIO - FII,87625.88,1752517.52,2000.0
11.839.593/0001-09,TRX REALTY LOGISTICA RENDA I FI IMOBILIARIO - FII,170765.3,3415306.01,2000.0
11.945.604/0001-27,RB CAPITAL DESENVOLVIMENTO RESIDENCIAL II - FII,42188.58,843771.53,2000.0
12.005.956/0001-65,KINEA RENDA IMOBILIARIA FII,11489745.3,38079720.0,331.42
12.005.956/0001-65,KINEA RENDA IMOBILIARIA FII,21043830.02,76897546.8,365.42
12.005.956/0001-65,KINEA RENDA IMOBILIARIA FII,11912344.9,42275036.84,354.88
12.005.956/0001-65,KINEA RENDA IMOBILIARIA FII,6588415.84,88226689.56,1339.12
12.323.987/0001-64,BRPR 68 - FII DESENVOLVIMENTO II,4856.45,97129.01,2000.0
12.323.987/0001-64,BRPR 68 FUNDO DE INVESTIMENTO IMOBILIARIO - FII DESENVOLVIME,0.0,-0.0,-inf
12.323.987/0001-64,BRPR 68 FUNDO DE INVESTIMENTO IMOBILIARIO DESENVOLVIMENTO II,0.0,0.0,inf
12.323.987/0001-64,BRPR 68 FUNDO DE INVESTIMENTO IMOBILIARIO - FII DESENVOLVIME,9336.0,-0.0,-0.0
12.401.858/0001-47,ATRIUM NACOES UNIDAS FUNDO DE INVESTIMENTO IMOBILIARIO - FII,62093.36,1241867.13,2000.0
12.659.641/0001-31,RIO BRAVO CREDITO IMOBILIARIO I FII,372607.77,653130.0,175.29
12.659.641/0001-31,RIO BRAVO CREDITO IMOBILIARIO I FII,51009.0,1423080.39,2789.86
12.681.340/0001-04,BB RENDA CORPORATIVA FUNDO DE INVESTIMENTO IMOBILIÁRIO - FII,0.0,3928844.58,inf
12.681.340/0001-04,BB RENDA CORPORATIVA FUNDO DE INVESTIMENTO IMOBILIÁRIO - FII,17364.08,7942050.0,45738.39
12.681.340/0001-04,BB RENDA CORPORATIVA FUNDO DE INVESTIMENTO IMOBILIÁRIO - FII,0.0,4066291.34,inf
12.681.340/0001-04,BB RENDA CORPORATIVA FUNDO DE INVESTIMENTO IMOBILIÁRIO - FII,0.0,7762864.27,inf
12.804.013/0001-00,FUNDO DE INVESTIMENTO IMOBILIÁRIO SC 401,535823.43,31924437.78,5958.01
12.811.222/0001-73,OAR - FUNDO DE INVESTIMENTO IMOBILIÁRIO - FII,0.0,128942.95,inf
12.811.222/0001-73,OAR - FUNDO DE INVESTIMENTO IMOBILIÁRIO - FII,0.0,243916.96,inf
12.834.763/0001-17,WM RB CAPITAL FUNDO DE INVESTIMENTO IMOBILIÁRIO - FII,0.0,450831.16,inf
12.834.763/0001-17,WM RB CAPITAL FUNDO DE INVESTIMENTO IMOBILIÁRIO - FII,0.01,0.01,100.0
12.887.506/0001-43,FI IMOBILIÁRIO CAIXA TRX LOGÍSTICA RENDA,0.0,785416.3,inf
12.948.291/0001-23,FUNDO DE INVESTIMENTO IMOBILIÁRIO THE ONE,137773.9,3552900.0,2578.79
13.022.993/0001-44,FUNDO DE INVESTIMENTO IMOBILIARIO VBI FL 4440-FII,87856.34,2902826.8,3304.06
13.022.993/0001-44,FUNDO DE INVESTIMENTO IMOBILIARIO VBI FL 4440-FII,116694.43,5449109.56,4669.55
13.022.993/0001-44,FUNDO DE INVESTIMENTO IMOBILIARIO VBI FL 4440-FII,34435.53,2399505.4,6968.11
13.022.993/0001-44,FUNDO DE INVESTIMENTO IMOBILIARIO VBI FL 4440-FII,34435.54,4851029.3,14087.28
13.022.994/0001-99,FUNDO DE INVESTIMENTO IMOBILIÁRIO - FII ELDORADO,0.0,26582781.73,inf
13.125.823/0001-95,PSG FUNDO DE INVESTIMENTO IMOBILIÁRIO,0.0,3811885.81,inf
13.125.823/0001-95,PSG FUNDO DE INVESTIMENTO IMOBILIÁRIO,0.0,1306423.62,inf
13.320.290/0001-00,TERRA - FUNDO DE INVESTIMENTO IMOBILIÁRIO,0.0,270174.9,inf
13.320.290/0001-00,TERRA - FUNDO DE INVESTIMENTO IMOBILIÁRIO,0.0,451871.52,inf
13.320.290/0001-00,TERRA - FUNDO DE INVESTIMENTO IMOBILIÁRIO,0.0,342500.97,inf
13.320.290/0001-00,TERRA - FUNDO DE INVESTIMENTO IMOBILIÁRIO,0.0,0.0,inf
13.371.132/0001-71,JS REAL ESTATE MULTIGESTÃO FUNDO DE INVESTIMENTO IMOBILIÁRIO,796811.42,16713124.96,2097.5
13.371.132/0001-71,JS REAL ESTATE MULTIGESTÃO FUNDO DE INVESTIMENTO IMOBILIÁRIO,610047.82,32393778.88,5310.04
13.371.132/0001-71,JS REAL ESTATE MULTIGESTÃO FUNDO DE INVESTIMENTO IMOBILIÁRIO,586222.92,13228535.2,2256.57
13.371.132/0001-71,JS REAL ESTATE MULTIGESTÃO FUNDO DE INVESTIMENTO IMOBILIÁRIO,177585.56,24585716.64,13844.43
13.464.208/0001-03,CIBRASEC CRÉDITO IMOBILIÁRIO - FII,79665.36,386464.39,485.11
13.464.208/0001-03,CIBRASEC CRÉDITO IMOBILIÁRIO - FII,59787.75,439601.11,735.27
13.464.208/0001-03,CIBRASEC CRÉDITO IMOBILIÁRIO - FII,27026.7,164438.49,608.43
13.464.208/0001-03,CIBRASEC CRÉDITO IMOBILIÁRIO - FII,119994.42,465949.69,388.31
13.551.286/0001-45,FUNDO DE INVESTIMENTO IMOBILIARIO CENESP,0.07,3080007.15,4400010220.0
13.551.286/0001-45,FUNDO DE INVESTIMENTO IMOBILIARIO CENESP,0.01,6576115.88,65761158785.0
13.555.918/0001-49,AQUILLA FUNDO DE INVESTIMENTO IMOBILIÁRIO,0.0,709542.33,inf
13.555.918/0001-49,AQUILLA FUNDO DE INVESTIMENTO IMOBILIÁRIO,2570812.41,6280190.1,244.29
13.652.006/0001-95,RB CAPITAL GENERAL SHOPPING SULACAP FII,54142.33,1082846.65,2000.0
13.652.006/0001-95,RB CAPITAL GENERAL SHOPPING SULACAP FII,79911.77,1598235.39,2000.0
13.652.006/0001-95,RB CAPITAL GENERAL SHOPPING SULACAP FII,439.51,455547.79,103649.02
13.652.006/0001-95,RB CAPITAL GENERAL SHOPPING SULACAP FII,37868.97,849389.02,2242.97
13.726.079/0001-84,SONDA FUNDO DE INVESTIMENTO IMOBILIÁRIO - FII,0.0,18679909.89,inf
13.726.079/0001-84,SONDA FUNDO DE INVESTIMENTO IMOBILIÁRIO - FII,0.0,1114071.8,inf
13.811.400/0001-29,XP RECEBÍVEIS FUNDO DE INVESTIMENTO IMOBILIÁRIO - FII,155476.67,2837627.1,1825.11
13.842.683/0001-76,VECTOR QUELUZ LAJES CORPORATIVAS FUNDO DE INVESTIMENTO IMOBI,0.0,527761.07,inf
13.873.457/0001-52,AESAPAR FUNDO DE INVESTIMENTO IMOBILIÁRIO,0.0,2496786.28,inf
13.873.457/0001-52,AESAPAR FUNDO DE INVESTIMENTO IMOBILIÁRIO,72669.91,2709000.0,3727.82
13.873.457/0001-52,AESAPAR FUNDO DE INVESTIMENTO IMOBILIÁRIO - FII,112464.15,5418000.0,4817.54
13.966.653/0001-71,FII CYRELA THERA CORPORATE,53362.92,1067258.34,2000.0
13.966.653/0001-71,FII CYRELA THERA CORPORATE,0.0,1874689.46,inf
13.966.653/0001-71,FUNDO DE INVESTIMENTO IMOBILIÁRIO - FII CYRELA THERA CORPORA,2.35,3809896.29,162123246.23
13.974.819/0001-00,PEDRA DOURADA FUNDO DE INVESTIMENTO IMOBILIARIO - FII,0.0,845899.96,inf
13.974.819/0001-00,PEDRA DOURADA FUNDO DE INVESTIMENTO IMOBILIÁRIO - FII,0.0,3497036.1,inf
13.974.819/0001-00,PEDRA DOURADA FUNDO DE INVESTIMENTO IMOBILIÁRIO - FII,0.0,1815624.59,inf
14.056.001/0001-62,PERSONALE I FUNDO DE INVESTIMENTO IMOBILIÁRIO - FII,0.0,433760.8,inf
14.056.001/0001-62,PERSONALE I FUNDO DE INVESTIMENTO IMOBILIÁRIO - FII,183617.45,3672348.92,2000.0
14.069.202/0001-02,AQ3 RENDA FUNDO DE INVESTIMENTO IMOBILIÁRIO,0.0,672700.55,inf
14.074.721/0001-50,FIRENZE FUNDO DE INVESTIMENTO IMOBILIÁRIO,0.0,405979.52,inf
14.074.721/0001-50,FIRENZE FUNDO DE INVESTIMENTO IMOBILIÁRIO,0.0,286640.77,inf
14.080.689/0001-16,POLO FII RECEBÍVEIS IMOBILIÁRIOS I,153864.87,3077297.38,2000.0
14.080.689/0001-16,POLO FII RECEBÍVEIS IMOBILIÁRIOS I,246975.77,5000552.96,2024.71
14.080.689/0001-16,POLO FII RECEBÍVEIS IMOBILIÁRIOS I,469399.67,9877046.41,2104.19
14.080.689/0001-16,POLO FII RECEBÍVEIS IMOBILIÁRIOS I,548274.03,11260787.2,2053.86
14.149.745/0001-21,ARENA FUNDO DE INVESTIMENTO IMOBILIÁRIO,0.0,8598610.4,inf
14.149.745/0001-21,ARENA FUNDO DE INVESTIMENTO IMOBILIÁRIO,0.0,19392880.37,inf
14.217.108/0001-45,FUNDO DE INVESTIMENTO IMOBILIÁRIO INDUSTRIAL DO BRASIL,94772.98,9733850.0,10270.7
14.376.247/0001-11,FII BM BRASCAN LAJES CORPORATIVAS,40899.8,1288022.75,3149.22
14.376.247/0001-11,FUNDO DE INVESTIMENTO IMOBILIARIO BM BRASCAN LAJES CORPORATI,59899.8,2777362.83,4636.68
14.376.247/0001-11,FUNDO DE INVESTIMENTO IMOBILIARIO BM BRASCAN LAJES CORPORATI,247890.89,1490828.62,601.41
14.410.722/0001-29,BB PROGRESSIVO II FUNDO DE INVESTIMENTO IMOBILIÁRIO - FII,0.0,41670019.57,inf
14.410.722/0001-29,BB PROGRESSIVO II FUNDO DE INVESTIMENTO IMOBILIÁRIO - FII,0.0,89038038.51,inf
14.410.722/0001-29,BB PROGRESSIVO II FUNDO DE INVESTIMENTO IMOBILIÁRIO - FII,0.0,55497043.73,inf
14.410.722/0001-29,BB PROGRESSIVO II FUNDO DE INVESTIMENTO IMOBILIÁRIO - FII,0.0,96472474.14,inf
14.413.342/0001-48,FII RENDA CORPORATIVA ANGICO - FII,0.0,2911007.54,inf
14.413.342/0001-48,FII RENDA CORPORATIVA ANGICO - FII,0.0,1649806.06,inf
14.413.342/0001-48,FII RENDA CORPORATIVA ANGICO - FII,0.0,3570975.58,inf
14.422.044/0001-14,FUNDO DE INVESTIMENTO IMOBILIÁRIO VOTORANTIM SECURITIES III,0.0,2833797.28,inf
14.422.044/0001-14,FUNDO DE INVESTIMENTO IMOBILIÁRIO VOTORANTIM SECURITIES III,0.0,6521956.59,inf
14.422.044/0001-14,FUNDO DE INVESTIMENTO IMOBILIÁRIO VOTORANTIM SECURITIES III,0.0,1923729.22,inf
14.422.044/0001-14,FUNDO DE INVESTIMENTO IMOBILIÁRIO VOTORANTIM SECURITIES III,0.0,4915991.92,inf
14.423.780/0001-97,KINEA II REAL ESTATE EQUITY FUNDO DE INVESTIMENTO IMOB,186879.65,4084931.62,2185.86
14.423.780/0001-97,KINEA II REAL ESTATE EQUITY FUNDO DE INVESTIMENTO IMOB,0.0,1560685.24,inf
14.423.780/0001-97,KINEA II REAL ESTATE EQUITY FUNDO DE INVESTIMENTO IMOB,58210.79,5868879.03,10082.12
14.609.653/0001-87,FUNDO DE INVESTIMENTO IMOBILIÁRIO JHSF CATARINA CORPORATE,0.0,3577.15,inf
14.609.653/0001-87,FUNDO DE INVESTIMENTO IMOBILIÁRIO JHSF CATARINA CORPORATE,0.0,2278.06,inf
14.609.653/0001-87,FUNDO DE INVESTIMENTO IMOBILIÁRIO JHSF CATARINA CORPORATE,0.0,278136.86,inf
14.631.148/0001-39,ATICO RENDA FUNDO DE INVESTIMENTO IMOBILIARIO - FII,0.0,286374.89,inf
14.631.148/0001-39,ATICO RENDA FUNDO DE INVESTIMENTO IMOBILIARIO - FII,32124.14,78783.88,245.25
14.665.312/0001-29,FUNDO DE INVESTIMENTO IMOBILIÁRIO POLO ESTOQUE - FII,0.0,15738.52,inf
14.665.312/0001-29,FUNDO DE INVESTIMENTO IMOBILIÁRIO POLO ESTOQUE - FII,0.0,108864.31,inf
14.721.889/0001-00,FUNDO DE INVESTIMENTO IMOBILIÁRIO POLO SHOPPING INDAIATUBA,0.0,2175624.86,inf
14.721.889/0001-00,FUNDO DE INVESTIMENTO IMOBILIÁRIO POLO SHOPPING INDAIATUBA,0.0,3650826.36,inf
14.721.889/0001-00,FUNDO DE INVESTIMENTO IMOBILIÁRIO POLO SHOPPING INDAIATUBA,0.0,1647061.22,inf
14.721.889/0001-00,FUNDO DE INVESTIMENTO IMOBILIÁRIO POLO SHOPPING INDAIATUBA,0.0,3187646.72,inf
14.733.211/0001-48,FUNDO DE INV. IMOBILIÁRIO GWI RENDA IMOBILIÁRIA - FII,0.0,1329261.39,inf
14.733.211/0001-48,FUNDO DE INV. IMOBILIÁRIO GWI RENDA IMOBILIÁRIA - FII,40265.34,2804004.78,6963.82
14.786.587/0001-10,VOTORANTIM CARDIO PULMONAR FUNDO DE INVESTIMENTO IMOBILIÁRIO,0.0,201511.65,inf
14.786.587/0001-10,VOTORANTIM CARDIO PULMONAR FUNDO DE INVESTIMENTO IMOBILIÁRIO,0.0,2937623.25,inf
14.786.587/0001-10,VOTORANTIM CARDIO PULMONAR FUNDO DE INVESTIMENTO IMOBILIÁRIO,0.0,178838.62,inf
14.786.587/0001-10,VOTORANTIM CARDIO PULMONAR FUNDO DE INVESTIMENTO IMOBILIÁRIO,0.0,345753.19,inf
14.788.492/0001-36,FUNDO DE INVESTIMENTO IMOBILIARIO - FII PATEO BANDEIRANTES,106593.41,2131868.19,2000.0
14.788.492/0001-36,FUNDO DE INVESTIMENTO IMOBILIARIO - FII PATEO BANDEIRANTES,194609.86,3892197.19,2000.0
14.788.492/0001-36,FUNDO DE INVESTIMENTO IMOBILIARIO - FII PATEO BANDEIRANTES,78866.99,1577339.7,2000.0
14.788.492/0001-36,FUNDO DE INVESTIMENTO IMOBILIARIO - FII PATEO BANDEIRANTES,223770.01,4475304.84,1999.96
14.793.782/0001-78,RENDA DE ESCRITÓRIOS FUNDO DE INVESTIMENTO IMOBILIÁRIO - FII,23.69,461235.12,1946961.27
14.793.782/0001-78,RENDA DE ESCRITÓRIOS FUNDO DE INVESTIMENTO IMOBILIÁRIO - FII,30.78,949281.84,3084086.54
14.793.782/0001-78,RENDA DE ESCRITÓRIOS FUNDO DE INVESTIMENTO IMOBILIÁRIO - FII,70.3,629278.15,895132.5
14.793.782/0001-78,RENDA DE ESCRITÓRIOS FUNDO DE INVESTIMENTO IMOBILIÁRIO - FII,92.44,1222416.46,1322389.07
14.879.856/0001-93,FUNDO DE INVESTIMENTO IMOBILIARIO SHOPPING JARDIM SUL,0.0,5617108.87,inf
15.006.286/0001-90,FUNDO DE INVESTIMENTO IMOBILIARIO RIO NEGRO,258229.22,4870319.97,1886.05
15.006.286/0001-90,FUNDO DE INVESTIMENTO IMOBILIARIO RIO NEGRO,852629.29,9419519.97,1104.76
15.006.286/0001-90,FUNDO DE INVESTIMENTO IMOBILIARIO RIO NEGRO,1143.34,4332502.29,378933.85
15.006.286/0001-90,FUNDO DE INVESTIMENTO IMOBILIARIO RIO NEGRO,57689.2,8563200.0,14843.68
15.098.422/0001-19,FUNDO DE INVESTIMENTO IMOBILIÁRIO VOTORANTIM PLUS,419615.67,8147475.73,1941.65
15.098.422/0001-19,FUNDO DE INVESTIMENTO IMOBILIÁRIO VOTORANTIM PLUS,0.0,3744994.94,inf
15.098.422/0001-19,FUNDO DE INVESTIMENTO IMOBILIÁRIO VOTORANTIM PLUS,0.0,6974538.72,inf
15.296.696/0001-12,VILA OLIMPIA FUNDO DE INVESTIMENTO IMOBILIARIO - FII,102639.26,2052785.13,2000.0
15.296.696/0001-12,VILA OLIMPIA FUNDO DE INVESTIMENTO IMOBILIARIO - FII,216624.04,4332480.74,2000.0
15.296.696/0001-12,VILA OLIMPIA FUNDO DE INVESTIMENTO IMOBILIARIO - FII,103017.65,2060353.03,2000.0
15.296.696/0001-12,VILA OLIMPIA FUNDO DE INVESTIMENTO IMOBILIARIO - FII,206349.48,4126989.55,2000.0
15.333.306/0001-37,FUNDO DE INVESTIMENTO IMOBILIÁRIO - FII EDIFÍCIO GALERIA,195001.96,2190039.23,1123.09
15.333.306/0001-37,FUNDO DE INVESTIMENTO IMOBILIÁRIO - FII EDIFÍCIO GALERIA,195001.96,3365786.98,1726.03
15.333.306/0001-37,FUNDO DE INVESTIMENTO IMOBILIÁRIO - FII EDIFÍCIO GALERIA,4824.48,1121026.38,23236.21
15.333.306/0001-37,FUNDO DE INVESTIMENTO IMOBILIARIO - FII EDIFICIO GALERIA,43234.41,2432541.06,5626.4
15.348.117/0001-38,SUCCESS - FUNDO DE INVESTIMENTO IMOBILIÁRIO,0.0,2359270.95,inf
15.538.445/0001-05,SP DOWNTOWN - FII,159940.29,5758881.7,3600.64
15.570.431/0001-60,BANRISUL NOVAS FRONTEIRAS FII,84178.59,1683571.79,2000.0
15.570.431/0001-60,BANRISUL NOVAS FRONTEIRAS FII,163042.17,3260843.43,2000.0
15.570.431/0001-60,BANRISUL NOVAS FRONTEIRAS FII,82165.0,1643300.05,2000.0
15.570.431/0001-60,BANRISUL NOVAS FRONTEIRAS FII,162685.7,3253713.97,2000.0
15.576.907/0001-70,FUNDO DE INVESTIMENTO IMOBILIÁRIO AGÊNCIAS CAIXA,0.0,8774904.15,inf
15.576.907/0001-70,FUNDO DE INVESTIMENTO IMOBILIÁRIO AGÊNCIAS CAIXA,271924.16,19245600.0,7077.56
15.769.670/0001-44,RIO BRAVO CREDITO IMOBILIARIO II FI IMOBILIARIO,463214.14,634463.56,136.97
15.769.670/0001-44,RIO BRAVO CREDITO IMOBILIARIO II FI IMOBILIARIO,99840.87,1150282.8,1152.12
15.799.397/0001-09,FII CEO CYRELA COMMERCIAL PROPERTIES,1565.44,0.0,0.0
15.799.397/0001-09,FII CEO CYRELA COMMERCIAL PROPERTIES,51016.27,1020325.39,2000.0
15.799.397/0001-09,FUNDO DE INVESTIMENTO IMOBILIÁRIO - FII CEO CYRELA COMMERCIA,116844.67,3279463.35,2806.69
16.543.270/0001-89,SÃO DOMINGOS - FUNDO DE INVESTIMENTO IMOBILIÁRIO - FII,249843.72,908397.91,363.59
16.543.270/0001-89,SÃO DOMINGOS - FUNDO DE INVESTIMENTO IMOBILIÁRIO - FII,19870769.15,21578644.04,108.59
16.543.270/0001-89,SÃO DOMINGOS - FUNDO DE INVESTIMENTO IMOBILIÁRIO - FII,0.0,2276474.27,inf
16.543.270/0001-89,SÃO DOMINGOS - FUNDO DE INVESTIMENTO IMOBILIÁRIO - FII,0.0,35084834.93,inf
16.671.412/0001-93,SDI LOGÍSTICA RIO - FUNDO DE INVESTIMENTO IMOBILIÁRIO,183242.66,5107928.15,2787.52
16.706.958/0001-32,KINEA RENDIMENTOS IMOBILIÁRIOS FII,10535565.69,65732334.36,623.91
16.706.958/0001-32,KINEA RENDIMENTOS IMOBILIÁRIOS FII,3147507.76,126920977.07,4032.43
16.706.958/0001-32,KINEA RENDIMENTOS IMOBILIÁRIOS FII,13886551.05,58445759.84,420.88
16.706.958/0001-32,KINEA RENDIMENTOS IMOBILIÁRIOS FII,4538268.06,112114702.77,2470.43
16.802.320/0001-03,XP CORPORATE MACAÉ FUNDO DE INVESTIMENTO IMOBILIÁRIO,72437.1,6519897.42,9000.77
16.802.320/0001-03,XP CORPORATE MACAÉ FUNDO DE INVESTIMENTO IMOBILIÁRIO,281068.43,5698385.2,2027.4
16.802.320/0001-03,XP CORPORATE MACAÉ FUNDO DE INVESTIMENTO IMOBILIÁRIO,439893.79,11300187.6,2568.84
16.841.067/0001-99,REIT RIVIERA FUNDO DE INVESTIMENTO IMOBILIÁRIO - FII,0.0,2500140.22,inf
16.841.067/0001-99,REIT RIVIERA FUNDO DE INVESTIMENTO IMOBILIÁRIO - FII,0.0,470065.6,inf
16.841.067/0001-99,REIT RIVIERA FUNDO DE INVESTIMENTO IMOBILIÁRIO - FII,45802.81,559553.94,1221.66
16.841.067/0001-99,SOCOPA FUNDO DE INVESTIMENTO IMOBILIÁRIO - FII,0.0,1187629.31,inf
16.915.840/0001-14,SANTANDER AGÊNCIAS FUNDO DE INVESTIMENTO IMOBILIÁRIO - FII,470937.11,14379287.57,3053.33
16.915.840/0001-14,SANTANDER AGÊNCIAS FUNDO DE INVESTIMENTO IMOBILIÁRIO - FII,967525.44,28739643.17,2970.43
16.915.868/0001-51,JHSF RIO BRAVO FAZENDA BOA VISTA CAPITAL PROTEGIDO FII,120038.72,1942623.88,1618.33
16.915.968/0001-88,MÉRITO DESENVOLVIMENTO IMOBILIÁRIO I FII,222973.98,1493015.13,669.59
16.915.968/0001-88,MÉRITO DESENVOLVIMENTO IMOBILIÁRIO I FII,1636438.4,3695152.28,225.8
16.915.968/0001-88,MÉRITO DESENVOLVIMENTO IMOBILIÁRIO I FII,0.0,2784548.26,inf
16.915.968/0001-88,MÉRITO DESENVOLVIMENTO IMOBILIÁRIO I FII,171218.03,6059170.0,3538.86
16.929.519/0001-99,FII HEDGE REALTY DEVELOPMENT MULTIESTRATEGIA,0.0,889.06,inf
16.929.519/0001-99,HEDGE REALTY DEVELOPMENT FUNDO DE INVESTIMENTO IMOBILIÁRIO,0.0,889.06,inf
17.007.528/0001-95,FUNDO DE INVESTIMENTO IMOBILIÁRIO GENERAL SEVERIANO,0.0,46682.11,inf
17.007.528/0001-95,FUNDO DE INVESTIMENTO IMOBILIÁRIO GENERAL SEVERIANO,43534.98,1141792.59,2622.7
17.025.970/0001-44,FUNDO DE INVESTIMENTO IMOBILIARIO - FII NOVO HORIZONTE,140125.14,11526314.75,8225.73
17.025.970/0001-44,FUNDO DE INVESTIMENTO IMOBILIARIO - FII NOVO HORIZONTE,0.0,6952880.66,inf
17.025.970/0001-44,FUNDO DE INVESTIMENTO IMOBILIARIO - FII NOVO HORIZONTE,3052.41,13427967.54,439913.63
17.035.124/0001-05,FUNDO DE INVESTIMENTO IMOBILIÁRIO HUMAITÁ - FII,16947.37,850000.0,5015.53
17.098.794/0001-70,CAIXA RIO BRAVO FUNDO DE FII,244432.99,7114556.4,2910.64
17.143.998/0001-86,CSHG GR LOUVEIRA FUNDO DE INVESTIMENTO IMOBILIÁRIO - FII,0.0,2300995.54,inf
17.143.998/0001-86,CSHG GR LOUVEIRA FUNDO DE INVESTIMENTO IMOBILIÁRIO - FII,9173.8,4573237.8,49851.07
17.143.998/0001-86,CSHG GR LOUVEIRA FUNDO DE INVESTIMENTO IMOBILIÁRIO - FII,11629.64,2286618.9,19661.99
17.143.998/0001-86,CSHG GR LOUVEIRA FUNDO DE INVESTIMENTO IMOBILIÁRIO - FII,13641.35,4573237.8,33524.82
17.144.039/0001-85,CASTELLO BRANCO OFFICE PARK FUNDO DE INVEST IMOBILIÁRIO FII,116543.09,2080050.0,1784.79
17.144.039/0001-85,CASTELLO BRANCO OFFICE PARK FUNDO DE INVEST IMOBILIÁRIO FII,321912.57,4160100.0,1292.31
17.144.039/0001-85,CASTELLO BRANCO OFFICE PARK FUNDO DE INVEST IMOBILIÁRIO FII,66323.5,2080050.0,3136.22
17.144.039/0001-85,CASTELLO BRANCO OFFICE PARK FUNDO DE INVEST IMOBILIÁRIO FII,249876.52,4075200.0,1630.89
17.156.502/0001-09,POLO FII RECEBÍVEIS IMOBILIÁRIOS II,104826.82,2096536.41,2000.0
17.156.502/0001-09,POLO FII RECEBÍVEIS IMOBILIÁRIOS II,405343.9,5800000.0,1430.88
17.156.502/0001-09,POLO FII RECEBÍVEIS IMOBILIÁRIOS II,0.0,1557202.22,inf
17.156.502/0001-09,POLO FII RECEBÍVEIS IMOBILIÁRIOS II,188442.72,3340000.0,1772.42
17.161.979/0001-82,FUNDO DE INVEST. IMOBILIÁRIO PEDRA NEGRA RENDA IMOBILIÁRIA,13682.78,3123318.02,22826.63
17.198.404/0001-34,JIVE ATIVOS IMOBILIÁRIOS FUNDO DE INVESTIMENTO IMOBILIÁRIO,0.0,928352.68,inf
17.209.378/0001-00,LATERES FUNDO DE INVESTIMENTO IMOBILIÁRIO - FII,71620.86,1432417.25,2000.0
17.209.378/0001-00,LATERES FUNDO DE INVESTIMENTO IMOBILIÁRIO - FII,149194.29,2983885.87,2000.0
17.209.378/0001-00,LATERES FUNDO DE INVESTIMENTO IMOBILIÁRIO - FII,2318.88,1857982.32,80124.13
17.209.378/0001-00,LATERES FUNDO DE INVESTIMENTO IMOBILIÁRIO - FII,204212.54,4084250.89,2000.0
17.216.625/0001-98,JPP CAPITAL FUNDO DE INVESTIMENTO IMOBILIÁRIO - FII,0.0,144978.64,inf
17.282.011/0001-04,FUNDO DE INVESTIMENTO IMOBILIARIO FII GOLDEN,228511.46,4570229.27,2000.0
17.282.011/0001-04,FUNDO DE INVESTIMENTO IMOBILIARIO FII GOLDEN,399515.51,7990310.29,2000.0
17.282.011/0001-04,FUNDO DE INVESTIMENTO IMOBILIARIO - FII GOLDEN,197066.47,3941329.49,2000.0
17.282.011/0001-04,FUNDO DE INVESTIMENTO IMOBILIARIO FII GOLDEN,486039.51,5976527.25,1229.64
17.308.805/0001-08,FII SHOPPING LIGHT,0.0,3361654.32,inf
17.308.805/0001-08,FUNDO DE INVESTIMENTO IMOBILIÁRIO SHOPPING LIGHT,0.0,7045879.28,inf
17.311.079/0001-74,FUNDO DE INVESTIMENTO IMOBILIÁRIO - FII SIA CORPORATE,0.0,131806.09,inf
17.311.079/0001-74,FUNDO DE INVESTIMENTO IMOBILIÁRIO - FII SIA CORPORATE,0.0,302830.84,inf
17.311.079/0001-74,FUNDO DE INVESTIMENTO IMOBILIÁRIO - FII SIA CORPORATE,0.0,32186.14,inf
17.311.079/0001-74,FUNDO DE INVESTIMENTO IMOBILIÁRIO - FII SIA CORPORATE,0.0,6573518.13,inf
17.324.357/0001-28,FII BRASIL PLURAL ABSOLUTO FUNDOS DE FUNDOS,402000.0,8040000.0,2000.0
17.324.357/0001-28,FII BRASIL PLURAL ABSOLUTO FUNDOS DE FUNDOS,122315.37,4020000.0,3286.59
17.324.357/0001-28,FII BRASIL PLURAL ABSOLUTO FUNDOS DE FUNDOS,40033.33,8140000.0,20333.06
17.329.029/0001-14,FATOR IFIX FUNDO DE INVESTIMENTO IMOBILIARIO,0.0,1226238.54,inf
17.365.105/0001-47,FUNDO DE INVESTIMENTO IMOBILIARIO - FII TB OFFICE,0.0,9734086.92,inf
17.568.605/0001-86,MAIS SHOPPING FII,0.0,17508799.89,inf
17.568.605/0001-86,MAIS SHOPPING FUNDO DE INVESTIMENTO IMOBILIÁRIO,0.0,21482359.88,inf
17.590.518/0001-25,GENERAL SHOPPING ATIVO E RENDA - FII,0.0,2829012.08,inf
17.590.518/0001-25,GENERAL SHOPPING ATIVO E RENDA - FII,7831511.41,12681658.6,161.93
17.590.518/0001-25,GENERAL SHOPPING ATIVO E RENDA - FII,4293139.31,6295504.87,146.64
17.590.518/0001-25,GENERAL SHOPPING ATIVO E RENDA - FII,8315331.8,12590671.56,151.42
17.655.115/0001-17,SAFIRA - FUNDO DE INVESTIMENTO IMOBILIARIO - FII,0.0,2891317.45,inf
17.854.016/0001-64,FUNDO DE INVESTIMENTO IMOBILIÁRIO VIDA NOVA - FII,0.0,10657.83,inf
17.854.016/0001-64,FUNDO DE INVESTIMENTO IMOBILIÁRIO VIDA NOVA - FII,0.0,42871.32,inf
18.085.673/0001-57,FII NCH BRASIL RECEBIVEIS IMOBILIARIOS,18531.38,370627.59,2000.0
18.085.673/0001-57,FII NCH BRASIL RECEBIVEIS IMOBILIARIOS,29831.76,596635.26,2000.0
18.085.673/0001-57,FII NCH BRASIL RECEBIVEIS IMOBILIARIOS,6864.23,137284.69,2000.0
18.259.637/0001-62,ETR PROPERTIES FUNDO DE INVESTIMENTO IMOBILIÁRIO - FII,0.0,142117.86,inf
18.259.637/0001-62,ETR PROPERTIES FUNDO DE INVESTIMENTO IMOBILIÁRIO - FII,0.0,290513.16,inf
18.259.637/0001-62,ETR PROPERTIES FUNDO DE INVESTIMENTO IMOBILIÁRIO - FII,0.0,142242.07,inf
18.259.637/0001-62,ETR PROPERTIES FUNDO DE INVESTIMENTO IMOBILIÁRIO - FII,0.0,290657.27,inf
18.289.950/0001-43,BIRD FUNDO DE INVESTIMENTO IMOBILIÁRIO - FII,0.0,114509.1,inf
18.289.950/0001-43,BIRD FUNDO DE INVESTIMENTO IMOBILIÁRIO - FII,0.0,1005929.28,inf
18.289.950/0001-43,BIRD FUNDO DE INVESTIMENTO IMOBILIÁRIO - FII,0.0,452394.66,inf
18.289.950/0001-43,BIRD FUNDO DE INVESTIMENTO IMOBILIÁRIO - FII,0.0,740835.74,inf
18.308.516/0001-63,VRE HOTEIS - FII - FII HIBRIDO GESTÃO ATIVA - HOTEL,6613.76,539754.41,8161.08
18.311.024/0001-27,SPA FUNDO DE INVESTIMENTO IMOBILIÁRIO,3374.76,231333.3,6854.81
18.311.024/0001-27,SPA FUNDO DE INVESTIMENTO IMOBILIÁRIO,2128.99,161157.52,7569.67
18.330.535/0001-96,RB CAPITAL PETROS FII,0.0,2581950.7,inf
18.330.535/0001-96,RB CAPITAL PETROS FII,1552738.17,7234268.05,465.9
18.330.535/0001-96,RB CAPITAL PETROS FII,1083614.06,3672962.75,338.95
18.330.535/0001-96,RB CAPITAL PETROS FII,1281959.59,6955662.73,542.58
18.497.672/0001-10,FUNDO DE INVESTIMENTO IMOBILIÁRIO POLO ESTOQUE II - FII,0.0,1107579.49,inf
18.497.672/0001-10,FUNDO DE INVESTIMENTO IMOBILIÁRIO POLO ESTOQUE II - FII,62859.81,1257196.15,2000.0
18.570.740/0001-29,QUORUM HASTA - FUNDO DE INVESTIMENTO IMOBILIÁRIO - FII,0.0,9798.86,inf
18.570.740/0001-29,QUORUM HASTA - FUNDO DE INVESTIMENTO IMOBILIÁRIO - FII,0.0,519275.08,inf
18.570.740/0001-29,QUORUM HASTA - FUNDO DE INVESTIMENTO IMOBILIÁRIO - FII,0.0,477299.99,inf
18.579.302/0001-21,TAG ALIANZA BTS FUNDO DE INVESTIMENTO IMOBILIÁRIO,0.0,4184496.95,inf
18.874.965/0001-79,CIDADE - FUNDO DE INVESTIMENTO IMOBILIÁRIO - FII,0.0,6319187.47,inf
18.874.965/0001-79,CIDADE - FUNDO DE INVESTIMENTO IMOBILIÁRIO - FII,0.0,3581723.5,inf
18.874.965/0001-79,CIDADE - FUNDO DE INVESTIMENTO IMOBILIÁRIO - FII,0.0,7046561.76,inf
18.929.051/0001-68,GOODMAN PATRIMONIAL I FUNDO DE INVESTIMENTO IMOBILIÁRIO,0.0,2233579.81,inf
18.929.051/0001-68,GOODMAN PATRIMONIAL I FUNDO DE INVESTIMENTO IMOBILIÁRIO,0.0,3936582.62,inf
18.929.353/0001-36,BRL EDIFÍCIOS COMERCIAIS FUNDO DE INVESTIMENTO IMOBILIÁRIO,0.0,517971.82,inf
18.929.353/0001-36,BRL EDIFÍCIOS COMERCIAIS FUNDO DE INVESTIMENTO IMOBILIÁRIO,0.0,211924.48,inf
18.929.353/0001-36,BRL EDIFÍCIOS COMERCIAIS FUNDO DE INVESTIMENTO IMOBILIÁRIO,0.0,587553.44,inf
18.979.895/0001-13,CAPITÂNIA SECURITIES II FUNDO DE INVESTIMENTO IMOBILIÁRIO,1766366.23,3150000.0,178.33
18.979.895/0001-13,CAPITANIA SECURITIES II FUNDO DE INVESTIMENTO IMOBILIARIO,1230613.12,5650000.0,459.12
18.979.895/0001-13,CAPITANIA SECURITIES II FUNDO DE INVESTIMENTO IMOBILIARIO,328456.05,2290000.0,697.2
18.979.895/0001-13,CAPITANIA SECURITIES II FUNDO DE INVESTIMENTO IMOBILIARIO,675559.12,4610000.0,682.4
19.131.224/0001-60,SAPUCAÍ RIO FUNDO DE INVESTIMENTO IMOBILIÁRIO - FII,89565.65,1791312.96,2000.0
19.131.224/0001-60,SAPUCAÍ RIO FUNDO DE INVESTIMENTO IMOBILIÁRIO - FII,0.0,2546042.41,inf
19.131.224/0001-60,SAPUCAÍ RIO FUNDO DE INVESTIMENTO IMOBILIÁRIO - FII,180409.14,10224452.93,5667.37
19.249.956/0001-50,LA DEFÉNSE FUNDO DE INVESTIMENTO IMOBILIÁRIO - FII,0.0,353132.96,inf
19.249.956/0001-50,LA DEFÉNSE FUNDO DE INVESTIMENTO IMOBILIÁRIO - FII,0.0,698790.64,inf
19.419.994/0001-03,2509 FUNDO DE INVESTIMENTO IMOBILIARIO - FII,0.0,9075992.78,inf
19.419.994/0001-03,2509 FUNDO DE INVESTIMENTO IMOBILIARIO - FII,960501.43,23055968.8,2400.41
19.419.994/0001-03,2509 FUNDO DE INVESTIMENTO IMOBILIARIO - FII,594180.97,13043260.7,2195.17
19.419.994/0001-03,2509 FUNDO DE INVESTIMENTO IMOBILIARIO - FII,1204473.42,26027098.8,2160.87
19.442.626/0001-86,CTBH FII,23372.07,3918123.0,16764.12
19.442.626/0001-86,CTBH FUNDO DE INVESTIMENTO IMOBILIÁRIO - FII,0.0,1538674.08,inf
19.442.626/0001-86,CTBH FUNDO DE INVESTIMENTO IMOBILIÁRIO - FII,56077.2,4398424.27,7843.52
19.628.741/0001-40,FUNDO DE INVESTIMENTO IMOBILIÁRIO MORUMBI TOWN I,0.0,1948232.19,inf
19.805.989/0001-39,FUNDO DE INVESTIMENTO IMOBILIÁRIO VOTORANTIM LCI BANKS,0.0,6798361.68,inf
19.805.989/0001-39,FUNDO DE INVESTIMENTO IMOBILIÁRIO VOTORANTIM LCI BANKS,0.0,10843037.42,inf
19.805.989/0001-39,FUNDO DE INVESTIMENTO IMOBILIÁRIO VOTORANTIM LCI BANKS,0.0,120632.62,inf
19.805.989/0001-39,FUNDO DE INVESTIMENTO IMOBILIÁRIO VOTORANTIM LCI BANKS,0.0,6808906.58,inf
20.003.001/0001-05,MIKEONE FUNDO DE INVESTIMENTO IMOBILIARIO,125951.94,2519038.88,2000.0
20.003.001/0001-05,MIKEONE -  FUNDO DE INVESTIMENTO IMOBILIARIO,260594.59,0.0,0.0
20.003.001/0001-05,MIKEONE FUNDO DE INVESTIMENTO IMOBILIARIO,140363.84,2807276.86,2000.0
20.003.001/0001-05,MIKEONE FUNDO DE INVESTIMENTO IMOBILIARIO,0.0,0.0,inf
20.132.453/0001-89,TC BTOWERS FII FUNDO DE INVESTIMENTO IMOBILIÁRIO,0.0,20868.82,inf
20.216.935/0001-17,BRADESCO CARTEIRA IMOBILIÁRIA ATIVA FII,0.0,1830665.14,inf
20.216.935/0001-17,BRADESCO CARTEIRA IMOBILIÁRIA ATIVA FII,156006.01,5303644.13,3399.64
20.265.434/0001-20,FUNDO DE INVESTIMENTO IMOBILIÁRIO VOTORANTIM SECURITIES IV,0.0,19999132.5,inf
20.265.434/0001-20,FUNDO DE INVESTIMENTO IMOBILIÁRIO VOTORANTIM SECURITIES IV,0.0,60964105.07,inf
20.265.434/0001-20,FUNDO DE INVESTIMENTO IMOBILIÁRIO VOTORANTIM SECURITIES IV,0.0,26835436.8,inf
20.265.434/0001-20,FUNDO DE INVESTIMENTO IMOBILIÁRIO VOTORANTIM SECURITIES IV,0.0,52698734.91,inf
20.680.775/0001-62,FII BRISA RENDA IMOBILIARIA,386154.03,7723080.57,2000.0
20.680.775/0001-62,FII BRISA RENDA IMOBILIARIA,792410.81,0.0,0.0
20.716.161/0001-93,BB RECEBIVEIS IMOBILIARIOS FUNDO DE INVESTIMENTO IMOB FII,111761.08,2587499.99,2315.21
20.716.161/0001-93,BB RECEBIVEIS IMOBILIARIOS FUNDO DE INVESTIMENTO IMOB FII,1855430.57,6054750.0,326.33
20.716.161/0001-93,BB RECEBIVEIS IMOBILIARIOS FUNDO DE INVESTIMENTO IMOB FII,57502.09,2069999.88,3599.87
20.716.161/0001-93,BB RECEBIVEIS IMOBILIARIOS FUNDO DE INVESTIMENTO IMOB FII,998082.7,4605749.89,461.46
20.748.515/0001-81,ANTARES - FUNDO DE INVESTIMENTO IMOBILIÁRIO - FII,0.0,-3885486.18,-inf
20.748.515/0001-81,BRESCO FUNDO DE INVESTIMENTO IMOBILIÁRIO - FII,261733.64,5234672.8,2000.0
21.126.204/0001-43,FUNDO DE INVESTIMENTO IMOBILIÁRIO BRASIL VAREJO FII,50044.72,15457518.89,30887.41
21.126.204/0001-43,FUNDO DE INVESTIMENTO IMOBILIÁRIO BRASIL VAREJO FII,249400.09,10321410.01,4138.49
21.126.204/0001-43,FUNDO DE INVESTIMENTO IMOBILIÁRIO BRASIL VAREJO FII,822641.62,20767928.0,2524.54
21.500.481/0001-74,FUNDO DE INVESTIMENTO IMOBILIÁRIO VOTORANTIM PATRIMONIAL V,0.0,1179616.68,inf
21.500.481/0001-74,FUNDO DE INVESTIMENTO IMOBILIÁRIO VOTORANTIM PATRIMONIAL V,0.0,2730603.77,inf
21.500.481/0001-74,FUNDO DE INVESTIMENTO IMOBILIÁRIO VOTORANTIM PATRIMONIAL V,0.0,1554527.79,inf
21.500.481/0001-74,FUNDO DE INVESTIMENTO IMOBILIÁRIO VOTORANTIM PATRIMONIAL V,0.0,3089827.4,inf
21.500.500/0001-62,IRB INTERNACIONAL FUNDO DE INVESTIMENTO IMOBILIÁRIO - FII,0.0,3280893.72,inf
21.500.500/0001-62,IRB INTERNACIONAL FUNDO DE INVESTIMENTO IMOBILIÁRIO - FII,2167.84,4686960.0,216204.15
21.500.500/0001-62,IRB INTERNACIONAL FUNDO DE INVESTIMENTO IMOBILIÁRIO - FII,2167.84,2052773.09,94692.09
21.500.500/0001-62,IRB INTERNACIONAL FUNDO DE INVESTIMENTO IMOBILIÁRIO - FII,2167.84,3926806.3,181139.12
21.500.514/0001-86,PARKING PARTNERS FUNDO DE INVESTIMENTO IMOBILIÁRIO - FII,0.0,4977983.61,inf
21.500.514/0001-86,PARKING PARTNERS FUNDO DE INVESTIMENTO IMOBILIÁRIO - FII,0.0,-1937107.55,-inf
21.500.514/0001-86,PARKING PARTNERS FUNDO DE INVESTIMENTO IMOBILIÁRIO - FII,0.0,4149599.81,inf
21.500.514/0001-86,PARKING PARTNERS FUNDO DE INVESTIMENTO IMOBILIÁRIO - FII,0.0,-562899.65,-inf
22.103.617/0001-75,TC ALMAVI FUNDO DE INVESTIMENTO IMOBILIÁRIO - FII,0.0,3993720.01,inf
22.211.522/0001-75,FUNDO DE INVESTIMENTO IMOBILIÁRIO CAIXA CONVIDA SUAPE,0.0,3822453.46,inf
22.211.522/0001-75,FUNDO DE INVESTIMENTO IMOBILIÁRIO CAIXA CONVIDA SUAPE,0.0,1594754.83,inf
22.219.335/0001-38,BANESTES RECEBIVEIS IMOBILIARIOS FII,100437.04,5762573.64,5737.5
22.340.978/0001-35,G5 JOMAFIL - FUNDO DE INVESTIMENTO IMOBILIARIO - FII,0.0,0.0,inf
22.340.978/0001-35,G5 JOMAFIL - FUNDO DE INVESTIMENTO IMOBILIARIO - FII,0.0,2851111.65,inf
22.340.978/0001-35,G5 JOMAFIL - FUNDO DE INVESTIMENTO IMOBILIARIO - FII,0.0,0.0,inf
22.888.670/0001-29,FII ESTOQUE RESIDENCIAL VITACON,5986.22,119724.47,2000.0
23.177.717/0001-09,FUNDO DE INVESTIMENTO IMOBILIÁRIO VOTORANTIM MASTER,0.0,371622.87,inf
23.177.717/0001-09,FUNDO DE INVESTIMENTO IMOBILIÁRIO VOTORANTIM MASTER,0.0,12244146.53,inf
23.177.717/0001-09,FUNDO DE INVESTIMENTO IMOBILIÁRIO VOTORANTIM MASTER,0.0,5133774.98,inf
23.177.717/0001-09,FUNDO DE INVESTIMENTO IMOBILIÁRIO VOTORANTIM MASTER,0.0,5133774.98,inf
23.381.427/0001-82,ALZ I FUNDO DE INVESTIMENTO IMOBILIÁRIO,0.0,913788.12,inf
23.740.527/0001-58,FUNDO DE INVESTIMENTO IMOBILIÁRIO GREEN TOWERS,0.0,9078896.24,inf
23.740.527/0001-58,FUNDO DE INVESTIMENTO IMOBILIÁRIO GREEN TOWERS,0.0,22649492.12,inf
23.740.552/0001-31,FUNDO DE INVESTIMENTO IMOBILIÁRIO VOTORANTIM PATRIMONIAL XII,0.0,981219.89,inf
23.740.575/0001-46,FUNDO DE INVESTIMENTO IMOBILIÁRIO VOTORANTIM QUATRO BARRAS,0.0,2815872.7,inf
23.740.575/0001-46,FUNDO DE INVESTIMENTO IMOBILIÁRIO VOTORANTIM QUATRO BARRAS,0.0,8539158.3,inf
23.740.575/0001-46,FUNDO DE INVESTIMENTO IMOBILIÁRIO VOTORANTIM QUATRO BARRAS,0.0,2763065.05,inf
23.740.575/0001-46,FUNDO DE INVESTIMENTO IMOBILIÁRIO VOTORANTIM QUATRO BARRAS,0.0,16683274.87,inf
23.768.027/0001-24,FII TOP CENTER,0.0,4951936.47,inf
23.768.027/0001-24,FUNDO DE INVESTIMENTO IMOBILIÁRIO TOP CENTER,0.0,10358041.33,inf
23.768.932/0001-84,JK TOWN FII,0.0,3675095.05,inf
23.781.211/0001-04,FUNDO DE INVESTIMENTO NORTHWEST FII EM SAÚDE,602944.69,22499999.81,3731.69
23.781.211/0001-04,FUNDO DE INVESTIMENTO NORTHWEST FII EM SAÚDE,6659592.77,43399999.63,651.69
24.069.712/0001-25,GGR ESTRATÉGIA FUNDO DE INVESTIMENTO IMOBILIÁRIO,0.0,11785.08,inf
24.960.430/0001-13,KINEA INDICES DE PREÇOS FII,1757142.45,9640000.0,548.62
24.960.430/0001-13,KINEA INDICES DE PREÇOS FII,981428.42,19750577.36,2012.43
24.960.430/0001-13,KINEA INDICES DE PREÇOS FII,369867.44,17001768.0,4596.72
24.960.430/0001-13,KINEA INDICES DE PREÇOS FII,5382144.75,38253978.0,710.76
25.032.881/0001-53,FUNDO DE INVESTIMENTO IMOBILIÁRIO TG ATIVO REAL,0.0,850981.37,inf
25.032.881/0001-53,FUNDO DE INVESTIMENTO IMOBILIÁRIO TG ATIVO REAL,0.0,2082425.39,inf
26.091.656/0001-50,OURINVEST JPP FUNDO DE INVESTIMENTO IMOBILIÁRIO - FII,54482.64,1157164.28,2123.91
26.091.656/0001-50,OURINVEST JPP FUNDO DE INVESTIMENTO IMOBILIÁRIO - FII,107043.82,2675161.58,2499.13
26.195.121/0001-20,FII BRAZIL REAL ESTATE VISTORY FUND I,0.0,60750.65,inf
26.195.121/0001-20,BRAZIL REAL ESTATE VICTORY FUND I - FII,0.0,181833.81,inf
26.195.121/0001-20,BRAZIL REAL ESTATE VICTORY FUND I FII,53215.22,439438.04,825.78
26.395.660/0001-02,FUNDO DE INVESTIMENTO IMOBILIÁRIO TOURMALET I,0.0,626060.63,inf
26.395.660/0001-02,FUNDO DE INVESTIMENTO IMOBILIÁRIO TOURMALET I,0.0,1128044.42,inf
26.395.660/0001-02,FUNDO DE INVESTIMENTO IMOBILIÁRIO TOURMALET I,0.0,325294.17,inf
26.545.627/0001-11,BRL VI FUNDO DE INVESTIMENTO IMOBILIÁRIO - FII,0.0,114415.5,inf
26.642.727/0001-66,DIAMANTE FUNDO DE INVESTIMENTO IMOBILIARIO,0.0,2255261.42,inf
26.642.727/0001-66,DIAMANTE FUNDO DE INVESTIMENTO IMOBILIARIO,0.0,1628073.37,inf
26.642.727/0001-66,DIAMANTE FUNDO DE INVESTIMENTO IMOBILIARIO,0.0,3395609.27,inf
27.529.279/0001-51,FUNDO DE INVESTIMENTO IMOBILIARIO RBR ALPHA FUNDO DE FUNDOS,8439.72,168794.32,2000.0
27.529.279/0001-51,FUNDO DE INVESTIMENTO IMOBILIARIO RBR ALPHA FUNDO DE FUNDOS,50500.76,1010015.11,2000.0
28.090.655/0001-17,VALORA RE I FUNDO DE INVESTIMENTO IMOBILIÁRIO - FII,25281.27,768501.9,3039.81
28.152.272/0001-26,FUNDO DE INVEST IMOB -FII UBS (BR) RECEBÍVEIS IMOBILIÁRIOS,11923.37,238467.02,2000.0
28.216.384/0001-01,SICOOB AGÊNCIAS FUNDO DE INVESTIMENTO IMOBILIÁRIO,33357.64,33357.64,100.0
28.216.384/0001-01,SICOOB AGÊNCIAS FUNDO DE INVESTIMENTO IMOBILIÁRIO,165087.37,513451.56,311.02
28.737.771/0001-85,FUNDO DE INVESTIMENTO IMOBILIARIO - FII ALLIANZA,1919.58,38391.55,2000.0
97.521.225/0001-25,MAXI RENDA FUNDO DE INVESTIMENTO IMOBILIÁRIO - FII,76424.27,5749262.5,7522.82
97.521.225/0001-25,MAXI RENDA FUNDO DE INVESTIMENTO IMOBILIÁRIO - FII,914245.99,12971233.77,1418.79
97.521.225/0001-25,MAXI RENDA FUNDO DE INVESTIMENTO IMOBILIÁRIO - FII,0.0,11238515.1,inf
